{"statuses":[{"metadata":{"iso_language_code":"en","result_type":"recent"},"created_at":"Mon Jan 25 10:50:45 +0000 2016","id":691573916641411072,"id_str":"691573916641411072","text":"Punjab government shows commitment 2 curb #childLabor.All 23 thousand children frm brick kilns will b sent 2 schools https:\/\/t.co\/mk7yJ6mIVB","source":"\u003ca href=\"http:\/\/twitter.com\/download\/iphone\" rel=\"nofollow\"\u003eTwitter for iPhone\u003c\/a\u003e","truncated":false,"in_reply_to_status_id":null,"in_reply_to_status_id_str":null,"in_reply_to_user_id":null,"in_reply_to_user_id_str":null,"in_reply_to_screen_name":null,"user":{"id":1857186037,"id_str":"1857186037","name":"shahid wafa","screen_name":"shahidobserves","location":"Ptv News Lahore","description":"#BroadcastJournalist #ICFJ Fellow. Constant learner. Tweets r personal. RTs could b anything.","url":"https:\/\/t.co\/sCYlmQVGsQ","entities":{"url":{"urls":[{"url":"https:\/\/t.co\/sCYlmQVGsQ","expanded_url":"http:\/\/www.facebook.com\/shahidobserves","display_url":"facebook.com\/shahidobserves","indices":[0,23]}]},"description":{"urls":[]}},"protected":false,"followers_count":359,"friends_count":401,"listed_count":8,"created_at":"Thu Sep 12 11:44:41 +0000 2013","favourites_count":3512,"utc_offset":18000,"time_zone":"Islamabad","geo_enabled":true,"verified":false,"statuses_count":5554,"lang":"en-gb","contributors_enabled":false,"is_translator":false,"is_translation_enabled":false,"profile_background_color":"C0DEED","profile_background_image_url":"http:\/\/abs.twimg.com\/images\/themes\/theme1\/bg.png","profile_background_image_url_https":"https:\/\/abs.twimg.com\/images\/themes\/theme1\/bg.png","profile_background_tile":false,"profile_image_url":"http:\/\/pbs.twimg.com\/profile_images\/627568064419069952\/fAI9NLLB_normal.jpg","profile_image_url_https":"https:\/\/pbs.twimg.com\/profile_images\/627568064419069952\/fAI9NLLB_normal.jpg","profile_banner_url":"https:\/\/pbs.twimg.com\/profile_banners\/1857186037\/1437645682","profile_link_color":"0084B4","profile_sidebar_border_color":"C0DEED","profile_sidebar_fill_color":"DDEEF6","profile_text_color":"333333","profile_use_background_image":true,"has_extended_profile":true,"default_profile":true,"default_profile_image":false,"following":false,"follow_request_sent":false,"notifications":false},"geo":null,"coordinates":null,"place":{"id":"003d5766281b4194","url":"https:\/\/api.twitter.com\/1.1\/geo\/id\/003d5766281b4194.json","place_type":"city","name":"Lahore","full_name":"Lahore, Pakistan","country_code":"PK","country":"\u067e\u0627\u06a9\u0633\u062a\u0627\u0646","contained_within":[],"bounding_box":{"type":"Polygon","coordinates":[[[74.2675858,31.4512216],[74.4493866,31.4512216],[74.4493866,31.6124173],[74.2675858,31.6124173]]]},"attributes":{}},"contributors":null,"is_quote_status":false,"retweet_count":0,"favorite_count":0,"entities":{"hashtags":[{"text":"childLabor","indices":[42,53]}],"symbols":[],"user_mentions":[],"urls":[],"media":[{"id":691573872563458048,"id_str":"691573872563458048","indices":[117,140],"media_url":"http:\/\/pbs.twimg.com\/media\/CZj2xeIWEAA3J_f.jpg","media_url_https":"https:\/\/pbs.twimg.com\/media\/CZj2xeIWEAA3J_f.jpg","url":"https:\/\/t.co\/mk7yJ6mIVB","display_url":"pic.twitter.com\/mk7yJ6mIVB","expanded_url":"http:\/\/twitter.com\/shahidobserves\/status\/691573916641411072\/photo\/1","type":"photo","sizes":{"large":{"w":1024,"h":768,"resize":"fit"},"thumb":{"w":150,"h":150,"resize":"crop"},"medium":{"w":600,"h":450,"resize":"fit"},"small":{"w":340,"h":255,"resize":"fit"}}}]},"favorited":false,"retweeted":false,"possibly_sensitive":false,"lang":"en"},{"metadata":{"iso_language_code":"en","result_type":"recent"},"created_at":"Mon Jan 25 10:39:07 +0000 2016","id":691570989080117249,"id_str":"691570989080117249","text":"RT @MaizaHameed: #education for all stipened of Rs2000 will be given to parents who send children to school #childlabor #pakistan https:\/\/t\u2026","source":"\u003ca href=\"http:\/\/twitter.com\" rel=\"nofollow\"\u003eTwitter Web Client\u003c\/a\u003e","truncated":false,"in_reply_to_status_id":null,"in_reply_to_status_id_str":null,"in_reply_to_user_id":null,"in_reply_to_user_id_str":null,"in_reply_to_screen_name":null,"user":{"id":3278383760,"id_str":"3278383760","name":"#LongLiveMaizaHameed","screen_name":"MaizaHameedFans","location":"Lahore, Pakistan","description":"If your actions inspire others to dream more, learn more, do more and become more, you are a leader - - Truly Inspired by @MaizaHameed","url":null,"entities":{"description":{"urls":[]}},"protected":false,"followers_count":804,"friends_count":1146,"listed_count":37,"created_at":"Mon Jul 13 09:57:26 +0000 2015","favourites_count":13878,"utc_offset":-28800,"time_zone":"Pacific Time (US & Canada)","geo_enabled":false,"verified":false,"statuses_count":18649,"lang":"en","contributors_enabled":false,"is_translator":false,"is_translation_enabled":false,"profile_background_color":"000000","profile_background_image_url":"http:\/\/abs.twimg.com\/images\/themes\/theme1\/bg.png","profile_background_image_url_https":"https:\/\/abs.twimg.com\/images\/themes\/theme1\/bg.png","profile_background_tile":false,"profile_image_url":"http:\/\/pbs.twimg.com\/profile_images\/628093119020466176\/TP4EjfIz_normal.jpg","profile_image_url_https":"https:\/\/pbs.twimg.com\/profile_images\/628093119020466176\/TP4EjfIz_normal.jpg","profile_banner_url":"https:\/\/pbs.twimg.com\/profile_banners\/3278383760\/1447828828","profile_link_color":"3B94D9","profile_sidebar_border_color":"000000","profile_sidebar_fill_color":"000000","profile_text_color":"000000","profile_use_background_image":false,"has_extended_profile":false,"default_profile":false,"default_profile_image":false,"following":false,"follow_request_sent":false,"notifications":false},"geo":null,"coordinates":null,"place":null,"contributors":null,"retweeted_status":{"metadata":{"iso_language_code":"en","result_type":"recent"},"created_at":"Mon Jan 25 07:29:10 +0000 2016","id":691523187281129472,"id_str":"691523187281129472","text":"#education for all stipened of Rs2000 will be given to parents who send children to school #childlabor #pakistan https:\/\/t.co\/Uc5WTJhHge","source":"\u003ca href=\"http:\/\/twitter.com\/download\/android\" rel=\"nofollow\"\u003eTwitter for Android\u003c\/a\u003e","truncated":false,"in_reply_to_status_id":null,"in_reply_to_status_id_str":null,"in_reply_to_user_id":null,"in_reply_to_user_id_str":null,"in_reply_to_screen_name":null,"user":{"id":290673966,"id_str":"290673966","name":"Maiza Hameed","screen_name":"MaizaHameed","location":"Pakistan","description":"As a MNA (PML-N) a mother and a human being, inspiring youth with guidance, counseling and justice. Stirring women leadership and supporting minorities.","url":"https:\/\/t.co\/BGDwjADNpM","entities":{"url":{"urls":[{"url":"https:\/\/t.co\/BGDwjADNpM","expanded_url":"https:\/\/www.facebook.com\/MaizaHameedOfficial","display_url":"facebook.com\/MaizaHameedOff\u2026","indices":[0,23]}]},"description":{"urls":[]}},"protected":false,"followers_count":38379,"friends_count":1331,"listed_count":142,"created_at":"Sat Apr 30 18:02:06 +0000 2011","favourites_count":17283,"utc_offset":18000,"time_zone":"Asia\/Karachi","geo_enabled":true,"verified":false,"statuses_count":30482,"lang":"en","contributors_enabled":false,"is_translator":false,"is_translation_enabled":false,"profile_background_color":"C0DEED","profile_background_image_url":"http:\/\/abs.twimg.com\/images\/themes\/theme1\/bg.png","profile_background_image_url_https":"https:\/\/abs.twimg.com\/images\/themes\/theme1\/bg.png","profile_background_tile":false,"profile_image_url":"http:\/\/pbs.twimg.com\/profile_images\/691274210577117184\/XWBiK4R5_normal.jpg","profile_image_url_https":"https:\/\/pbs.twimg.com\/profile_images\/691274210577117184\/XWBiK4R5_normal.jpg","profile_banner_url":"https:\/\/pbs.twimg.com\/profile_banners\/290673966\/1452926987","profile_link_color":"0084B4","profile_sidebar_border_color":"C0DEED","profile_sidebar_fill_color":"DDEEF6","profile_text_color":"333333","profile_use_background_image":true,"has_extended_profile":false,"default_profile":true,"default_profile_image":false,"following":false,"follow_request_sent":false,"notifications":false},"geo":null,"coordinates":null,"place":null,"contributors":null,"is_quote_status":false,"retweet_count":4,"favorite_count":7,"entities":{"hashtags":[{"text":"education","indices":[0,10]},{"text":"childlabor","indices":[91,102]},{"text":"pakistan","indices":[103,112]}],"symbols":[],"user_mentions":[],"urls":[],"media":[{"id":691523173033050112,"id_str":"691523173033050112","indices":[113,136],"media_url":"http:\/\/pbs.twimg.com\/media\/CZjIqXqWAAA1hrM.jpg","media_url_https":"https:\/\/pbs.twimg.com\/media\/CZjIqXqWAAA1hrM.jpg","url":"https:\/\/t.co\/Uc5WTJhHge","display_url":"pic.twitter.com\/Uc5WTJhHge","expanded_url":"http:\/\/twitter.com\/MaizaHameed\/status\/691523187281129472\/photo\/1","type":"photo","sizes":{"medium":{"w":600,"h":600,"resize":"fit"},"thumb":{"w":150,"h":150,"resize":"crop"},"large":{"w":720,"h":720,"resize":"fit"},"small":{"w":340,"h":340,"resize":"fit"}}}]},"favorited":false,"retweeted":false,"possibly_sensitive":false,"lang":"en"},"is_quote_status":false,"retweet_count":4,"favorite_count":0,"entities":{"hashtags":[{"text":"education","indices":[17,27]},{"text":"childlabor","indices":[108,119]},{"text":"pakistan","indices":[120,129]}],"symbols":[],"user_mentions":[{"screen_name":"MaizaHameed","name":"Maiza Hameed","id":290673966,"id_str":"290673966","indices":[3,15]}],"urls":[],"media":[{"id":691523173033050112,"id_str":"691523173033050112","indices":[139,140],"media_url":"http:\/\/pbs.twimg.com\/media\/CZjIqXqWAAA1hrM.jpg","media_url_https":"https:\/\/pbs.twimg.com\/media\/CZjIqXqWAAA1hrM.jpg","url":"https:\/\/t.co\/Uc5WTJhHge","display_url":"pic.twitter.com\/Uc5WTJhHge","expanded_url":"http:\/\/twitter.com\/MaizaHameed\/status\/691523187281129472\/photo\/1","type":"photo","sizes":{"medium":{"w":600,"h":600,"resize":"fit"},"thumb":{"w":150,"h":150,"resize":"crop"},"large":{"w":720,"h":720,"resize":"fit"},"small":{"w":340,"h":340,"resize":"fit"}},"source_status_id":691523187281129472,"source_status_id_str":"691523187281129472","source_user_id":290673966,"source_user_id_str":"290673966"}]},"favorited":false,"retweeted":false,"possibly_sensitive":false,"lang":"en"},{"metadata":{"iso_language_code":"en","result_type":"recent"},"created_at":"Mon Jan 25 10:22:16 +0000 2016","id":691566747963527168,"id_str":"691566747963527168","text":"RT @MiF_Nigeria: Always GIVE there are others out there with less than what u have.END #poverty #hunger #childlabor \"BELIEVE IN ZERO\" https\u2026","source":"\u003ca href=\"http:\/\/twitter.com\/download\/android\" rel=\"nofollow\"\u003eTwitter for Android\u003c\/a\u003e","truncated":false,"in_reply_to_status_id":null,"in_reply_to_status_id_str":null,"in_reply_to_user_id":null,"in_reply_to_user_id_str":null,"in_reply_to_screen_name":null,"user":{"id":36067044,"id_str":"36067044","name":"Emy Martin #MOSDEF","screen_name":"emyliquor","location":"Libra's Scale-Axis","description":"Firm Associate of MOSDEF Global!! ENLiGHTENED by my Observations!","url":"https:\/\/t.co\/q1ltOkhvgG","entities":{"url":{"urls":[{"url":"https:\/\/t.co\/q1ltOkhvgG","expanded_url":"http:\/\/m.mosdef.net","display_url":"m.mosdef.net","indices":[0,23]}]},"description":{"urls":[]}},"protected":false,"followers_count":677,"friends_count":651,"listed_count":21,"created_at":"Tue Apr 28 13:42:53 +0000 2009","favourites_count":266,"utc_offset":3600,"time_zone":"West Central Africa","geo_enabled":true,"verified":false,"statuses_count":20984,"lang":"en","contributors_enabled":false,"is_translator":false,"is_translation_enabled":false,"profile_background_color":"FFF04D","profile_background_image_url":"http:\/\/pbs.twimg.com\/profile_background_images\/678772580699013121\/bI6yYTi9.jpg","profile_background_image_url_https":"https:\/\/pbs.twimg.com\/profile_background_images\/678772580699013121\/bI6yYTi9.jpg","profile_background_tile":true,"profile_image_url":"http:\/\/pbs.twimg.com\/profile_images\/689230646326259712\/L3uTyFVx_normal.jpg","profile_image_url_https":"https:\/\/pbs.twimg.com\/profile_images\/689230646326259712\/L3uTyFVx_normal.jpg","profile_banner_url":"https:\/\/pbs.twimg.com\/profile_banners\/36067044\/1453484396","profile_link_color":"3B94D9","profile_sidebar_border_color":"000000","profile_sidebar_fill_color":"000000","profile_text_color":"000000","profile_use_background_image":true,"has_extended_profile":true,"default_profile":false,"default_profile_image":false,"following":false,"follow_request_sent":false,"notifications":false},"geo":null,"coordinates":null,"place":null,"contributors":null,"retweeted_status":{"metadata":{"iso_language_code":"en","result_type":"recent"},"created_at":"Fri Dec 04 10:19:53 +0000 2015","id":672721982547435520,"id_str":"672721982547435520","text":"Always GIVE there are others out there with less than what u have.END #poverty #hunger #childlabor \"BELIEVE IN ZERO\" https:\/\/t.co\/UfwpAsUyS9","source":"\u003ca href=\"http:\/\/twitter.com\/download\/android\" rel=\"nofollow\"\u003eTwitter for Android\u003c\/a\u003e","truncated":false,"in_reply_to_status_id":null,"in_reply_to_status_id_str":null,"in_reply_to_user_id":null,"in_reply_to_user_id_str":null,"in_reply_to_screen_name":null,"user":{"id":3421091777,"id_str":"3421091777","name":"Mordi Ibe Foundation","screen_name":"MiF_Nigeria","location":"Nigeria","description":"Breaking the cycle of Generational #Poverty #Hunger & #Childlabour , 1 Child at a time; Poverty Ends when we invest in our Mentality & Nigeria. Yes we can!","url":"https:\/\/t.co\/Cyv74dZfye","entities":{"url":{"urls":[{"url":"https:\/\/t.co\/Cyv74dZfye","expanded_url":"http:\/\/mifnigeria.org\/volunteer","display_url":"mifnigeria.org\/volunteer","indices":[0,23]}]},"description":{"urls":[]}},"protected":false,"followers_count":17560,"friends_count":5593,"listed_count":36,"created_at":"Thu Aug 13 22:20:30 +0000 2015","favourites_count":391,"utc_offset":0,"time_zone":"Lisbon","geo_enabled":false,"verified":false,"statuses_count":431,"lang":"en","contributors_enabled":false,"is_translator":false,"is_translation_enabled":false,"profile_background_color":"642D8B","profile_background_image_url":"http:\/\/abs.twimg.com\/images\/themes\/theme10\/bg.gif","profile_background_image_url_https":"https:\/\/abs.twimg.com\/images\/themes\/theme10\/bg.gif","profile_background_tile":true,"profile_image_url":"http:\/\/pbs.twimg.com\/profile_images\/684474935713095680\/GCbc-W9a_normal.jpg","profile_image_url_https":"https:\/\/pbs.twimg.com\/profile_images\/684474935713095680\/GCbc-W9a_normal.jpg","profile_banner_url":"https:\/\/pbs.twimg.com\/profile_banners\/3421091777\/1452026499","profile_link_color":"DD2E44","profile_sidebar_border_color":"000000","profile_sidebar_fill_color":"000000","profile_text_color":"000000","profile_use_background_image":true,"has_extended_profile":true,"default_profile":false,"default_profile_image":false,"following":false,"follow_request_sent":false,"notifications":false},"geo":null,"coordinates":null,"place":null,"contributors":null,"is_quote_status":false,"retweet_count":19,"favorite_count":8,"entities":{"hashtags":[{"text":"poverty","indices":[70,78]},{"text":"hunger","indices":[79,86]},{"text":"childlabor","indices":[87,98]}],"symbols":[],"user_mentions":[],"urls":[],"media":[{"id":672721968035209216,"id_str":"672721968035209216","indices":[117,140],"media_url":"http:\/\/pbs.twimg.com\/media\/CVX9ENFXIAAZH7c.jpg","media_url_https":"https:\/\/pbs.twimg.com\/media\/CVX9ENFXIAAZH7c.jpg","url":"https:\/\/t.co\/UfwpAsUyS9","display_url":"pic.twitter.com\/UfwpAsUyS9","expanded_url":"http:\/\/twitter.com\/MiF_Nigeria\/status\/672721982547435520\/photo\/1","type":"photo","sizes":{"medium":{"w":600,"h":600,"resize":"fit"},"thumb":{"w":150,"h":150,"resize":"crop"},"large":{"w":640,"h":640,"resize":"fit"},"small":{"w":340,"h":340,"resize":"fit"}}}]},"favorited":false,"retweeted":false,"possibly_sensitive":false,"lang":"en"},"is_quote_status":false,"retweet_count":19,"favorite_count":0,"entities":{"hashtags":[{"text":"poverty","indices":[87,95]},{"text":"hunger","indices":[96,103]},{"text":"childlabor","indices":[104,115]}],"symbols":[],"user_mentions":[{"screen_name":"MiF_Nigeria","name":"Mordi Ibe Foundation","id":3421091777,"id_str":"3421091777","indices":[3,15]}],"urls":[],"media":[{"id":672721968035209216,"id_str":"672721968035209216","indices":[139,140],"media_url":"http:\/\/pbs.twimg.com\/media\/CVX9ENFXIAAZH7c.jpg","media_url_https":"https:\/\/pbs.twimg.com\/media\/CVX9ENFXIAAZH7c.jpg","url":"https:\/\/t.co\/UfwpAsUyS9","display_url":"pic.twitter.com\/UfwpAsUyS9","expanded_url":"http:\/\/twitter.com\/MiF_Nigeria\/status\/672721982547435520\/photo\/1","type":"photo","sizes":{"medium":{"w":600,"h":600,"resize":"fit"},"thumb":{"w":150,"h":150,"resize":"crop"},"large":{"w":640,"h":640,"resize":"fit"},"small":{"w":340,"h":340,"resize":"fit"}},"source_status_id":672721982547435520,"source_status_id_str":"672721982547435520","source_user_id":3421091777,"source_user_id_str":"3421091777"}]},"favorited":false,"retweeted":false,"possibly_sensitive":false,"lang":"en"},{"metadata":{"iso_language_code":"en","result_type":"recent"},"created_at":"Mon Jan 25 10:18:47 +0000 2016","id":691565873383997440,"id_str":"691565873383997440","text":"RT @MiF_Nigeria: Watch\/Retweet \"life's like a movie but refuse to see a child Go Hungry #nonprofit #SDGs #poverty #hunger #childlabor https\u2026","source":"\u003ca href=\"http:\/\/twitter.com\/download\/android\" rel=\"nofollow\"\u003eTwitter for Android\u003c\/a\u003e","truncated":false,"in_reply_to_status_id":null,"in_reply_to_status_id_str":null,"in_reply_to_user_id":null,"in_reply_to_user_id_str":null,"in_reply_to_screen_name":null,"user":{"id":36067044,"id_str":"36067044","name":"Emy Martin #MOSDEF","screen_name":"emyliquor","location":"Libra's Scale-Axis","description":"Firm Associate of MOSDEF Global!! ENLiGHTENED by my Observations!","url":"https:\/\/t.co\/q1ltOkhvgG","entities":{"url":{"urls":[{"url":"https:\/\/t.co\/q1ltOkhvgG","expanded_url":"http:\/\/m.mosdef.net","display_url":"m.mosdef.net","indices":[0,23]}]},"description":{"urls":[]}},"protected":false,"followers_count":677,"friends_count":651,"listed_count":21,"created_at":"Tue Apr 28 13:42:53 +0000 2009","favourites_count":266,"utc_offset":3600,"time_zone":"West Central Africa","geo_enabled":true,"verified":false,"statuses_count":20984,"lang":"en","contributors_enabled":false,"is_translator":false,"is_translation_enabled":false,"profile_background_color":"FFF04D","profile_background_image_url":"http:\/\/pbs.twimg.com\/profile_background_images\/678772580699013121\/bI6yYTi9.jpg","profile_background_image_url_https":"https:\/\/pbs.twimg.com\/profile_background_images\/678772580699013121\/bI6yYTi9.jpg","profile_background_tile":true,"profile_image_url":"http:\/\/pbs.twimg.com\/profile_images\/689230646326259712\/L3uTyFVx_normal.jpg","profile_image_url_https":"https:\/\/pbs.twimg.com\/profile_images\/689230646326259712\/L3uTyFVx_normal.jpg","profile_banner_url":"https:\/\/pbs.twimg.com\/profile_banners\/36067044\/1453484396","profile_link_color":"3B94D9","profile_sidebar_border_color":"000000","profile_sidebar_fill_color":"000000","profile_text_color":"000000","profile_use_background_image":true,"has_extended_profile":true,"default_profile":false,"default_profile_image":false,"following":false,"follow_request_sent":false,"notifications":false},"geo":null,"coordinates":null,"place":null,"contributors":null,"retweeted_status":{"metadata":{"iso_language_code":"en","result_type":"recent"},"created_at":"Mon Nov 09 07:29:20 +0000 2015","id":663619362029502464,"id_str":"663619362029502464","text":"Watch\/Retweet \"life's like a movie but refuse to see a child Go Hungry #nonprofit #SDGs #poverty #hunger #childlabor https:\/\/t.co\/GdFmXtP4Cf","source":"\u003ca href=\"http:\/\/twitter.com\/download\/android\" rel=\"nofollow\"\u003eTwitter for Android\u003c\/a\u003e","truncated":false,"in_reply_to_status_id":null,"in_reply_to_status_id_str":null,"in_reply_to_user_id":null,"in_reply_to_user_id_str":null,"in_reply_to_screen_name":null,"user":{"id":3421091777,"id_str":"3421091777","name":"Mordi Ibe Foundation","screen_name":"MiF_Nigeria","location":"Nigeria","description":"Breaking the cycle of Generational #Poverty #Hunger & #Childlabour , 1 Child at a time; Poverty Ends when we invest in our Mentality & Nigeria. Yes we can!","url":"https:\/\/t.co\/Cyv74dZfye","entities":{"url":{"urls":[{"url":"https:\/\/t.co\/Cyv74dZfye","expanded_url":"http:\/\/mifnigeria.org\/volunteer","display_url":"mifnigeria.org\/volunteer","indices":[0,23]}]},"description":{"urls":[]}},"protected":false,"followers_count":17560,"friends_count":5593,"listed_count":36,"created_at":"Thu Aug 13 22:20:30 +0000 2015","favourites_count":391,"utc_offset":0,"time_zone":"Lisbon","geo_enabled":false,"verified":false,"statuses_count":431,"lang":"en","contributors_enabled":false,"is_translator":false,"is_translation_enabled":false,"profile_background_color":"642D8B","profile_background_image_url":"http:\/\/abs.twimg.com\/images\/themes\/theme10\/bg.gif","profile_background_image_url_https":"https:\/\/abs.twimg.com\/images\/themes\/theme10\/bg.gif","profile_background_tile":true,"profile_image_url":"http:\/\/pbs.twimg.com\/profile_images\/684474935713095680\/GCbc-W9a_normal.jpg","profile_image_url_https":"https:\/\/pbs.twimg.com\/profile_images\/684474935713095680\/GCbc-W9a_normal.jpg","profile_banner_url":"https:\/\/pbs.twimg.com\/profile_banners\/3421091777\/1452026499","profile_link_color":"DD2E44","profile_sidebar_border_color":"000000","profile_sidebar_fill_color":"000000","profile_text_color":"000000","profile_use_background_image":true,"has_extended_profile":true,"default_profile":false,"default_profile_image":false,"following":false,"follow_request_sent":false,"notifications":false},"geo":null,"coordinates":null,"place":null,"contributors":null,"is_quote_status":false,"retweet_count":145,"favorite_count":74,"entities":{"hashtags":[{"text":"nonprofit","indices":[71,81]},{"text":"SDGs","indices":[82,87]},{"text":"poverty","indices":[88,96]},{"text":"hunger","indices":[97,104]},{"text":"childlabor","indices":[105,116]}],"symbols":[],"user_mentions":[],"urls":[],"media":[{"id":663618594320703488,"id_str":"663618594320703488","indices":[117,140],"media_url":"http:\/\/pbs.twimg.com\/ext_tw_video_thumb\/663618594320703488\/pu\/img\/_txVc6yI8VyVUuzK.jpg","media_url_https":"https:\/\/pbs.twimg.com\/ext_tw_video_thumb\/663618594320703488\/pu\/img\/_txVc6yI8VyVUuzK.jpg","url":"https:\/\/t.co\/GdFmXtP4Cf","display_url":"pic.twitter.com\/GdFmXtP4Cf","expanded_url":"http:\/\/twitter.com\/MiF_Nigeria\/status\/663619362029502464\/video\/1","type":"photo","sizes":{"small":{"w":340,"h":196,"resize":"fit"},"medium":{"w":600,"h":345,"resize":"fit"},"thumb":{"w":150,"h":150,"resize":"crop"},"large":{"w":640,"h":368,"resize":"fit"}}}]},"favorited":false,"retweeted":false,"possibly_sensitive":false,"lang":"en"},"is_quote_status":false,"retweet_count":145,"favorite_count":0,"entities":{"hashtags":[{"text":"nonprofit","indices":[88,98]},{"text":"SDGs","indices":[99,104]},{"text":"poverty","indices":[105,113]},{"text":"hunger","indices":[114,121]},{"text":"childlabor","indices":[122,133]}],"symbols":[],"user_mentions":[{"screen_name":"MiF_Nigeria","name":"Mordi Ibe Foundation","id":3421091777,"id_str":"3421091777","indices":[3,15]}],"urls":[],"media":[{"id":663618594320703488,"id_str":"663618594320703488","indices":[139,140],"media_url":"http:\/\/pbs.twimg.com\/ext_tw_video_thumb\/663618594320703488\/pu\/img\/_txVc6yI8VyVUuzK.jpg","media_url_https":"https:\/\/pbs.twimg.com\/ext_tw_video_thumb\/663618594320703488\/pu\/img\/_txVc6yI8VyVUuzK.jpg","url":"https:\/\/t.co\/GdFmXtP4Cf","display_url":"pic.twitter.com\/GdFmXtP4Cf","expanded_url":"http:\/\/twitter.com\/MiF_Nigeria\/status\/663619362029502464\/video\/1","type":"photo","sizes":{"small":{"w":340,"h":196,"resize":"fit"},"medium":{"w":600,"h":345,"resize":"fit"},"thumb":{"w":150,"h":150,"resize":"crop"},"large":{"w":640,"h":368,"resize":"fit"}},"source_status_id":663619362029502464,"source_status_id_str":"663619362029502464","source_user_id":3421091777,"source_user_id_str":"3421091777"}]},"favorited":false,"retweeted":false,"possibly_sensitive":false,"lang":"en"},{"metadata":{"iso_language_code":"en","result_type":"recent"},"created_at":"Mon Jan 25 08:36:43 +0000 2016","id":691540186778439680,"id_str":"691540186778439680","text":"RT @libo88_HO: @zimleague @NewsDayZimbabwe let's see wat the courts think abt #humanRightsAbuse &amp; #Childlabor","source":"\u003ca href=\"http:\/\/twitter.com\/download\/android\" rel=\"nofollow\"\u003eTwitter for Android\u003c\/a\u003e","truncated":false,"in_reply_to_status_id":null,"in_reply_to_status_id_str":null,"in_reply_to_user_id":null,"in_reply_to_user_id_str":null,"in_reply_to_screen_name":null,"user":{"id":51014850,"id_str":"51014850","name":"Zimbabwe 2016","screen_name":"zimleague","location":"Harare, Zimbabwe","description":"Happy Holidays","url":"https:\/\/t.co\/kx81dImx7T","entities":{"url":{"urls":[{"url":"https:\/\/t.co\/kx81dImx7T","expanded_url":"http:\/\/www.facebook.com\/zimleague","display_url":"facebook.com\/zimleague","indices":[0,23]}]},"description":{"urls":[]}},"protected":false,"followers_count":35972,"friends_count":35588,"listed_count":164,"created_at":"Fri Jun 26 11:06:37 +0000 2009","favourites_count":28660,"utc_offset":7200,"time_zone":"Harare","geo_enabled":true,"verified":false,"statuses_count":118118,"lang":"en","contributors_enabled":false,"is_translator":false,"is_translation_enabled":false,"profile_background_color":"EFF7F7","profile_background_image_url":"http:\/\/abs.twimg.com\/images\/themes\/theme2\/bg.gif","profile_background_image_url_https":"https:\/\/abs.twimg.com\/images\/themes\/theme2\/bg.gif","profile_background_tile":false,"profile_image_url":"http:\/\/pbs.twimg.com\/profile_images\/683309381040128000\/VJIK3Phx_normal.jpg","profile_image_url_https":"https:\/\/pbs.twimg.com\/profile_images\/683309381040128000\/VJIK3Phx_normal.jpg","profile_banner_url":"https:\/\/pbs.twimg.com\/profile_banners\/51014850\/1451596715","profile_link_color":"9266CC","profile_sidebar_border_color":"37B6C4","profile_sidebar_fill_color":"DAEAF0","profile_text_color":"38635C","profile_use_background_image":true,"has_extended_profile":false,"default_profile":false,"default_profile_image":false,"following":false,"follow_request_sent":false,"notifications":false},"geo":null,"coordinates":null,"place":null,"contributors":null,"retweeted_status":{"metadata":{"iso_language_code":"en","result_type":"recent"},"created_at":"Mon Jan 25 04:58:59 +0000 2016","id":691485391203995649,"id_str":"691485391203995649","text":"@zimleague @NewsDayZimbabwe let's see wat the courts think abt #humanRightsAbuse &amp; #Childlabor","source":"\u003ca href=\"http:\/\/twitter.com\/download\/android\" rel=\"nofollow\"\u003eTwitter for Android\u003c\/a\u003e","truncated":false,"in_reply_to_status_id":691475286827802625,"in_reply_to_status_id_str":"691475286827802625","in_reply_to_user_id":51014850,"in_reply_to_user_id_str":"51014850","in_reply_to_screen_name":"zimleague","user":{"id":2925297970,"id_str":"2925297970","name":"libo","screen_name":"libo88_HO","location":"kwaBulawayo","description":"#Comedian #Humanitarian #GGMU #teamUmahlekisa #MaleRytsActivist #Actor2be #Musician&PoetAtHeart aka #liboskie","url":"http:\/\/t.co\/FzolKOZnv3","entities":{"url":{"urls":[{"url":"http:\/\/t.co\/FzolKOZnv3","expanded_url":"http:\/\/libo.co","display_url":"libo.co","indices":[0,22]}]},"description":{"urls":[]}},"protected":false,"followers_count":71,"friends_count":155,"listed_count":4,"created_at":"Tue Dec 16 16:31:30 +0000 2014","favourites_count":29,"utc_offset":null,"time_zone":null,"geo_enabled":false,"verified":false,"statuses_count":600,"lang":"en","contributors_enabled":false,"is_translator":false,"is_translation_enabled":false,"profile_background_color":"C0DEED","profile_background_image_url":"http:\/\/abs.twimg.com\/images\/themes\/theme1\/bg.png","profile_background_image_url_https":"https:\/\/abs.twimg.com\/images\/themes\/theme1\/bg.png","profile_background_tile":false,"profile_image_url":"http:\/\/pbs.twimg.com\/profile_images\/683749618501480448\/QHYZWHf4_normal.jpg","profile_image_url_https":"https:\/\/pbs.twimg.com\/profile_images\/683749618501480448\/QHYZWHf4_normal.jpg","profile_banner_url":"https:\/\/pbs.twimg.com\/profile_banners\/2925297970\/1450027171","profile_link_color":"0084B4","profile_sidebar_border_color":"C0DEED","profile_sidebar_fill_color":"DDEEF6","profile_text_color":"333333","profile_use_background_image":true,"has_extended_profile":false,"default_profile":true,"default_profile_image":false,"following":false,"follow_request_sent":false,"notifications":false},"geo":null,"coordinates":null,"place":null,"contributors":null,"is_quote_status":false,"retweet_count":1,"favorite_count":0,"entities":{"hashtags":[{"text":"humanRightsAbuse","indices":[63,80]},{"text":"Childlabor","indices":[87,98]}],"symbols":[],"user_mentions":[{"screen_name":"zimleague","name":"Zimbabwe 2016","id":51014850,"id_str":"51014850","indices":[0,10]},{"screen_name":"NewsDayZimbabwe","name":"NewsDay","id":123875667,"id_str":"123875667","indices":[11,27]}],"urls":[]},"favorited":false,"retweeted":false,"lang":"en"},"is_quote_status":false,"retweet_count":1,"favorite_count":0,"entities":{"hashtags":[{"text":"humanRightsAbuse","indices":[78,95]},{"text":"Childlabor","indices":[102,113]}],"symbols":[],"user_mentions":[{"screen_name":"libo88_HO","name":"libo","id":2925297970,"id_str":"2925297970","indices":[3,13]},{"screen_name":"zimleague","name":"Zimbabwe 2016","id":51014850,"id_str":"51014850","indices":[15,25]},{"screen_name":"NewsDayZimbabwe","name":"NewsDay","id":123875667,"id_str":"123875667","indices":[26,42]}],"urls":[]},"favorited":false,"retweeted":false,"lang":"en"},{"metadata":{"iso_language_code":"und","result_type":"recent"},"created_at":"Mon Jan 25 08:10:43 +0000 2016","id":691533644058497024,"id_str":"691533644058497024","text":"RT @markie_marky8: #childlabor @AlterNet @PWM62 @PoliticallyLib @Libertea2012 @ToConservatives @SpaceCheef https:\/\/t.co\/jgV5v4MhIM","source":"\u003ca href=\"http:\/\/twitter.com\" rel=\"nofollow\"\u003eTwitter Web Client\u003c\/a\u003e","truncated":false,"in_reply_to_status_id":null,"in_reply_to_status_id_str":null,"in_reply_to_user_id":null,"in_reply_to_user_id_str":null,"in_reply_to_screen_name":null,"user":{"id":589119722,"id_str":"589119722","name":"Politically_Liberal","screen_name":"PoliticallyLib","location":"Raleigh, NC","description":"#Atheist | #Progressive #Liberal #FeelTheBern #Bernie2016 | Causes: Environment, Animals Rights, Human Rights | #UniteBlue","url":null,"entities":{"description":{"urls":[]}},"protected":false,"followers_count":5844,"friends_count":5694,"listed_count":551,"created_at":"Thu May 24 13:28:52 +0000 2012","favourites_count":25570,"utc_offset":null,"time_zone":null,"geo_enabled":true,"verified":false,"statuses_count":99619,"lang":"en","contributors_enabled":false,"is_translator":false,"is_translation_enabled":false,"profile_background_color":"000000","profile_background_image_url":"http:\/\/abs.twimg.com\/images\/themes\/theme13\/bg.gif","profile_background_image_url_https":"https:\/\/abs.twimg.com\/images\/themes\/theme13\/bg.gif","profile_background_tile":false,"profile_image_url":"http:\/\/pbs.twimg.com\/profile_images\/685301092276678656\/HNtX4mI7_normal.jpg","profile_image_url_https":"https:\/\/pbs.twimg.com\/profile_images\/685301092276678656\/HNtX4mI7_normal.jpg","profile_banner_url":"https:\/\/pbs.twimg.com\/profile_banners\/589119722\/1452223633","profile_link_color":"4A913C","profile_sidebar_border_color":"000000","profile_sidebar_fill_color":"000000","profile_text_color":"000000","profile_use_background_image":false,"has_extended_profile":false,"default_profile":false,"default_profile_image":false,"following":false,"follow_request_sent":false,"notifications":false},"geo":null,"coordinates":null,"place":null,"contributors":null,"retweeted_status":{"metadata":{"iso_language_code":"und","result_type":"recent"},"created_at":"Sun Jan 24 17:51:04 +0000 2016","id":691317304659959808,"id_str":"691317304659959808","text":"#childlabor @AlterNet @PWM62 @PoliticallyLib @Libertea2012 @ToConservatives @SpaceCheef https:\/\/t.co\/jgV5v4MhIM","source":"\u003ca href=\"http:\/\/twitter.com\/download\/android\" rel=\"nofollow\"\u003eTwitter for Android\u003c\/a\u003e","truncated":false,"in_reply_to_status_id":null,"in_reply_to_status_id_str":null,"in_reply_to_user_id":null,"in_reply_to_user_id_str":null,"in_reply_to_screen_name":null,"user":{"id":127753284,"id_str":"127753284","name":"Mark White","screen_name":"markie_marky8","location":"Southern Florida, USA","description":"We're stronger in the places that we've been broken-Enest Hemingway (http:\/\/t.co\/nj9gDScxiG)","url":null,"entities":{"description":{"urls":[{"url":"http:\/\/t.co\/nj9gDScxiG","expanded_url":"http:\/\/twiends.com\/markie_marky8","display_url":"twiends.com\/markie_marky8","indices":[69,91]}]}},"protected":false,"followers_count":1888,"friends_count":1592,"listed_count":45,"created_at":"Tue Mar 30 04:05:45 +0000 2010","favourites_count":2010,"utc_offset":-18000,"time_zone":"Eastern Time (US & Canada)","geo_enabled":true,"verified":false,"statuses_count":46451,"lang":"en","contributors_enabled":false,"is_translator":false,"is_translation_enabled":false,"profile_background_color":"022330","profile_background_image_url":"http:\/\/abs.twimg.com\/images\/themes\/theme15\/bg.png","profile_background_image_url_https":"https:\/\/abs.twimg.com\/images\/themes\/theme15\/bg.png","profile_background_tile":false,"profile_image_url":"http:\/\/pbs.twimg.com\/profile_images\/510661118616825856\/aMsp_Z77_normal.png","profile_image_url_https":"https:\/\/pbs.twimg.com\/profile_images\/510661118616825856\/aMsp_Z77_normal.png","profile_banner_url":"https:\/\/pbs.twimg.com\/profile_banners\/127753284\/1432250356","profile_link_color":"0084B4","profile_sidebar_border_color":"A8C7F7","profile_sidebar_fill_color":"C0DFEC","profile_text_color":"333333","profile_use_background_image":true,"has_extended_profile":false,"default_profile":false,"default_profile_image":false,"following":false,"follow_request_sent":false,"notifications":false},"geo":null,"coordinates":null,"place":null,"contributors":null,"is_quote_status":false,"retweet_count":3,"favorite_count":1,"entities":{"hashtags":[{"text":"childlabor","indices":[0,11]}],"symbols":[],"user_mentions":[{"screen_name":"AlterNet","name":"AlterNet","id":18851248,"id_str":"18851248","indices":[12,21]},{"screen_name":"PWM62","name":"PWM (William)","id":195030017,"id_str":"195030017","indices":[22,28]},{"screen_name":"PoliticallyLib","name":"Politically_Liberal","id":589119722,"id_str":"589119722","indices":[29,44]},{"screen_name":"Libertea2012","name":"The Progressive Mind","id":607558430,"id_str":"607558430","indices":[45,58]},{"screen_name":"ToConservatives","name":"TruthtoConservatives","id":339838574,"id_str":"339838574","indices":[59,75]},{"screen_name":"SpaceCheef","name":"Chris P Pickel","id":282671020,"id_str":"282671020","indices":[76,87]}],"urls":[],"media":[{"id":691317296879509504,"id_str":"691317296879509504","indices":[88,111],"media_url":"http:\/\/pbs.twimg.com\/media\/CZgNazOWIAAeUno.jpg","media_url_https":"https:\/\/pbs.twimg.com\/media\/CZgNazOWIAAeUno.jpg","url":"https:\/\/t.co\/jgV5v4MhIM","display_url":"pic.twitter.com\/jgV5v4MhIM","expanded_url":"http:\/\/twitter.com\/markie_marky8\/status\/691317304659959808\/photo\/1","type":"photo","sizes":{"small":{"w":340,"h":340,"resize":"fit"},"medium":{"w":600,"h":600,"resize":"fit"},"thumb":{"w":150,"h":150,"resize":"crop"},"large":{"w":900,"h":900,"resize":"fit"}}}]},"favorited":false,"retweeted":false,"possibly_sensitive":true,"lang":"und"},"is_quote_status":false,"retweet_count":3,"favorite_count":0,"entities":{"hashtags":[{"text":"childlabor","indices":[19,30]}],"symbols":[],"user_mentions":[{"screen_name":"markie_marky8","name":"Mark White","id":127753284,"id_str":"127753284","indices":[3,17]},{"screen_name":"AlterNet","name":"AlterNet","id":18851248,"id_str":"18851248","indices":[31,40]},{"screen_name":"PWM62","name":"PWM (William)","id":195030017,"id_str":"195030017","indices":[41,47]},{"screen_name":"PoliticallyLib","name":"Politically_Liberal","id":589119722,"id_str":"589119722","indices":[48,63]},{"screen_name":"Libertea2012","name":"The Progressive Mind","id":607558430,"id_str":"607558430","indices":[64,77]},{"screen_name":"ToConservatives","name":"TruthtoConservatives","id":339838574,"id_str":"339838574","indices":[78,94]},{"screen_name":"SpaceCheef","name":"Chris P Pickel","id":282671020,"id_str":"282671020","indices":[95,106]}],"urls":[],"media":[{"id":691317296879509504,"id_str":"691317296879509504","indices":[107,130],"media_url":"http:\/\/pbs.twimg.com\/media\/CZgNazOWIAAeUno.jpg","media_url_https":"https:\/\/pbs.twimg.com\/media\/CZgNazOWIAAeUno.jpg","url":"https:\/\/t.co\/jgV5v4MhIM","display_url":"pic.twitter.com\/jgV5v4MhIM","expanded_url":"http:\/\/twitter.com\/markie_marky8\/status\/691317304659959808\/photo\/1","type":"photo","sizes":{"small":{"w":340,"h":340,"resize":"fit"},"medium":{"w":600,"h":600,"resize":"fit"},"thumb":{"w":150,"h":150,"resize":"crop"},"large":{"w":900,"h":900,"resize":"fit"}},"source_status_id":691317304659959808,"source_status_id_str":"691317304659959808","source_user_id":127753284,"source_user_id_str":"127753284"}]},"favorited":false,"retweeted":false,"possibly_sensitive":false,"lang":"und"},{"metadata":{"iso_language_code":"en","result_type":"recent"},"created_at":"Mon Jan 25 07:40:17 +0000 2016","id":691525985833975809,"id_str":"691525985833975809","text":"RT @MaizaHameed: @CMShehbaz  Punjab replacing books with brick #childlabor #Pakistan this is our future https:\/\/t.co\/eQnUivmBRn","source":"\u003ca href=\"http:\/\/twitter.com\/download\/android\" rel=\"nofollow\"\u003eTwitter for Android\u003c\/a\u003e","truncated":false,"in_reply_to_status_id":null,"in_reply_to_status_id_str":null,"in_reply_to_user_id":null,"in_reply_to_user_id_str":null,"in_reply_to_screen_name":null,"user":{"id":4004644642,"id_str":"4004644642","name":"kamran khokhar","screen_name":"mrkh0khar","location":"Pakistan","description":"Do not Stress! Do your best! Forget the Rest!","url":null,"entities":{"description":{"urls":[]}},"protected":false,"followers_count":118,"friends_count":544,"listed_count":0,"created_at":"Tue Oct 20 20:39:15 +0000 2015","favourites_count":86,"utc_offset":null,"time_zone":null,"geo_enabled":true,"verified":false,"statuses_count":1318,"lang":"en","contributors_enabled":false,"is_translator":false,"is_translation_enabled":false,"profile_background_color":"C0DEED","profile_background_image_url":"http:\/\/abs.twimg.com\/images\/themes\/theme1\/bg.png","profile_background_image_url_https":"https:\/\/abs.twimg.com\/images\/themes\/theme1\/bg.png","profile_background_tile":false,"profile_image_url":"http:\/\/pbs.twimg.com\/profile_images\/668834521580765185\/_Y72T7Ke_normal.jpg","profile_image_url_https":"https:\/\/pbs.twimg.com\/profile_images\/668834521580765185\/_Y72T7Ke_normal.jpg","profile_banner_url":"https:\/\/pbs.twimg.com\/profile_banners\/4004644642\/1448297549","profile_link_color":"0084B4","profile_sidebar_border_color":"C0DEED","profile_sidebar_fill_color":"DDEEF6","profile_text_color":"333333","profile_use_background_image":true,"has_extended_profile":false,"default_profile":true,"default_profile_image":false,"following":false,"follow_request_sent":false,"notifications":false},"geo":null,"coordinates":null,"place":null,"contributors":null,"retweeted_status":{"metadata":{"iso_language_code":"en","result_type":"recent"},"created_at":"Mon Jan 25 07:30:34 +0000 2016","id":691523542094123012,"id_str":"691523542094123012","text":"@CMShehbaz  Punjab replacing books with brick #childlabor #Pakistan this is our future https:\/\/t.co\/eQnUivmBRn","source":"\u003ca href=\"http:\/\/twitter.com\/download\/android\" rel=\"nofollow\"\u003eTwitter for Android\u003c\/a\u003e","truncated":false,"in_reply_to_status_id":null,"in_reply_to_status_id_str":null,"in_reply_to_user_id":136932734,"in_reply_to_user_id_str":"136932734","in_reply_to_screen_name":"CMShehbaz","user":{"id":290673966,"id_str":"290673966","name":"Maiza Hameed","screen_name":"MaizaHameed","location":"Pakistan","description":"As a MNA (PML-N) a mother and a human being, inspiring youth with guidance, counseling and justice. Stirring women leadership and supporting minorities.","url":"https:\/\/t.co\/BGDwjADNpM","entities":{"url":{"urls":[{"url":"https:\/\/t.co\/BGDwjADNpM","expanded_url":"https:\/\/www.facebook.com\/MaizaHameedOfficial","display_url":"facebook.com\/MaizaHameedOff\u2026","indices":[0,23]}]},"description":{"urls":[]}},"protected":false,"followers_count":38379,"friends_count":1331,"listed_count":142,"created_at":"Sat Apr 30 18:02:06 +0000 2011","favourites_count":17283,"utc_offset":18000,"time_zone":"Asia\/Karachi","geo_enabled":true,"verified":false,"statuses_count":30482,"lang":"en","contributors_enabled":false,"is_translator":false,"is_translation_enabled":false,"profile_background_color":"C0DEED","profile_background_image_url":"http:\/\/abs.twimg.com\/images\/themes\/theme1\/bg.png","profile_background_image_url_https":"https:\/\/abs.twimg.com\/images\/themes\/theme1\/bg.png","profile_background_tile":false,"profile_image_url":"http:\/\/pbs.twimg.com\/profile_images\/691274210577117184\/XWBiK4R5_normal.jpg","profile_image_url_https":"https:\/\/pbs.twimg.com\/profile_images\/691274210577117184\/XWBiK4R5_normal.jpg","profile_banner_url":"https:\/\/pbs.twimg.com\/profile_banners\/290673966\/1452926987","profile_link_color":"0084B4","profile_sidebar_border_color":"C0DEED","profile_sidebar_fill_color":"DDEEF6","profile_text_color":"333333","profile_use_background_image":true,"has_extended_profile":false,"default_profile":true,"default_profile_image":false,"following":false,"follow_request_sent":false,"notifications":false},"geo":null,"coordinates":null,"place":null,"contributors":null,"is_quote_status":false,"retweet_count":2,"favorite_count":4,"entities":{"hashtags":[{"text":"childlabor","indices":[46,57]},{"text":"Pakistan","indices":[58,67]}],"symbols":[],"user_mentions":[{"screen_name":"CMShehbaz","name":"Shehbaz Sharif","id":136932734,"id_str":"136932734","indices":[0,10]}],"urls":[],"media":[{"id":691523526713540608,"id_str":"691523526713540608","indices":[87,110],"media_url":"http:\/\/pbs.twimg.com\/media\/CZjI-9OWAAAdMC3.jpg","media_url_https":"https:\/\/pbs.twimg.com\/media\/CZjI-9OWAAAdMC3.jpg","url":"https:\/\/t.co\/eQnUivmBRn","display_url":"pic.twitter.com\/eQnUivmBRn","expanded_url":"http:\/\/twitter.com\/MaizaHameed\/status\/691523542094123012\/photo\/1","type":"photo","sizes":{"small":{"w":340,"h":340,"resize":"fit"},"thumb":{"w":150,"h":150,"resize":"crop"},"medium":{"w":600,"h":600,"resize":"fit"},"large":{"w":720,"h":720,"resize":"fit"}}}]},"favorited":false,"retweeted":false,"possibly_sensitive":false,"lang":"en"},"is_quote_status":false,"retweet_count":2,"favorite_count":0,"entities":{"hashtags":[{"text":"childlabor","indices":[63,74]},{"text":"Pakistan","indices":[75,84]}],"symbols":[],"user_mentions":[{"screen_name":"MaizaHameed","name":"Maiza Hameed","id":290673966,"id_str":"290673966","indices":[3,15]},{"screen_name":"CMShehbaz","name":"Shehbaz Sharif","id":136932734,"id_str":"136932734","indices":[17,27]}],"urls":[],"media":[{"id":691523526713540608,"id_str":"691523526713540608","indices":[104,127],"media_url":"http:\/\/pbs.twimg.com\/media\/CZjI-9OWAAAdMC3.jpg","media_url_https":"https:\/\/pbs.twimg.com\/media\/CZjI-9OWAAAdMC3.jpg","url":"https:\/\/t.co\/eQnUivmBRn","display_url":"pic.twitter.com\/eQnUivmBRn","expanded_url":"http:\/\/twitter.com\/MaizaHameed\/status\/691523542094123012\/photo\/1","type":"photo","sizes":{"small":{"w":340,"h":340,"resize":"fit"},"thumb":{"w":150,"h":150,"resize":"crop"},"medium":{"w":600,"h":600,"resize":"fit"},"large":{"w":720,"h":720,"resize":"fit"}},"source_status_id":691523542094123012,"source_status_id_str":"691523542094123012","source_user_id":290673966,"source_user_id_str":"290673966"}]},"favorited":false,"retweeted":false,"possibly_sensitive":false,"lang":"en"},{"metadata":{"iso_language_code":"en","result_type":"recent"},"created_at":"Mon Jan 25 07:39:37 +0000 2016","id":691525815956312065,"id_str":"691525815956312065","text":"RT @MaizaHameed: #education for all stipened of Rs2000 will be given to parents who send children to school #childlabor #pakistan https:\/\/t\u2026","source":"\u003ca href=\"http:\/\/twitter.com\/download\/android\" rel=\"nofollow\"\u003eTwitter for Android\u003c\/a\u003e","truncated":false,"in_reply_to_status_id":null,"in_reply_to_status_id_str":null,"in_reply_to_user_id":null,"in_reply_to_user_id_str":null,"in_reply_to_screen_name":null,"user":{"id":4004644642,"id_str":"4004644642","name":"kamran khokhar","screen_name":"mrkh0khar","location":"Pakistan","description":"Do not Stress! Do your best! Forget the Rest!","url":null,"entities":{"description":{"urls":[]}},"protected":false,"followers_count":118,"friends_count":544,"listed_count":0,"created_at":"Tue Oct 20 20:39:15 +0000 2015","favourites_count":86,"utc_offset":null,"time_zone":null,"geo_enabled":true,"verified":false,"statuses_count":1318,"lang":"en","contributors_enabled":false,"is_translator":false,"is_translation_enabled":false,"profile_background_color":"C0DEED","profile_background_image_url":"http:\/\/abs.twimg.com\/images\/themes\/theme1\/bg.png","profile_background_image_url_https":"https:\/\/abs.twimg.com\/images\/themes\/theme1\/bg.png","profile_background_tile":false,"profile_image_url":"http:\/\/pbs.twimg.com\/profile_images\/668834521580765185\/_Y72T7Ke_normal.jpg","profile_image_url_https":"https:\/\/pbs.twimg.com\/profile_images\/668834521580765185\/_Y72T7Ke_normal.jpg","profile_banner_url":"https:\/\/pbs.twimg.com\/profile_banners\/4004644642\/1448297549","profile_link_color":"0084B4","profile_sidebar_border_color":"C0DEED","profile_sidebar_fill_color":"DDEEF6","profile_text_color":"333333","profile_use_background_image":true,"has_extended_profile":false,"default_profile":true,"default_profile_image":false,"following":false,"follow_request_sent":false,"notifications":false},"geo":null,"coordinates":null,"place":null,"contributors":null,"retweeted_status":{"metadata":{"iso_language_code":"en","result_type":"recent"},"created_at":"Mon Jan 25 07:29:10 +0000 2016","id":691523187281129472,"id_str":"691523187281129472","text":"#education for all stipened of Rs2000 will be given to parents who send children to school #childlabor #pakistan https:\/\/t.co\/Uc5WTJhHge","source":"\u003ca href=\"http:\/\/twitter.com\/download\/android\" rel=\"nofollow\"\u003eTwitter for Android\u003c\/a\u003e","truncated":false,"in_reply_to_status_id":null,"in_reply_to_status_id_str":null,"in_reply_to_user_id":null,"in_reply_to_user_id_str":null,"in_reply_to_screen_name":null,"user":{"id":290673966,"id_str":"290673966","name":"Maiza Hameed","screen_name":"MaizaHameed","location":"Pakistan","description":"As a MNA (PML-N) a mother and a human being, inspiring youth with guidance, counseling and justice. Stirring women leadership and supporting minorities.","url":"https:\/\/t.co\/BGDwjADNpM","entities":{"url":{"urls":[{"url":"https:\/\/t.co\/BGDwjADNpM","expanded_url":"https:\/\/www.facebook.com\/MaizaHameedOfficial","display_url":"facebook.com\/MaizaHameedOff\u2026","indices":[0,23]}]},"description":{"urls":[]}},"protected":false,"followers_count":38379,"friends_count":1331,"listed_count":142,"created_at":"Sat Apr 30 18:02:06 +0000 2011","favourites_count":17283,"utc_offset":18000,"time_zone":"Asia\/Karachi","geo_enabled":true,"verified":false,"statuses_count":30482,"lang":"en","contributors_enabled":false,"is_translator":false,"is_translation_enabled":false,"profile_background_color":"C0DEED","profile_background_image_url":"http:\/\/abs.twimg.com\/images\/themes\/theme1\/bg.png","profile_background_image_url_https":"https:\/\/abs.twimg.com\/images\/themes\/theme1\/bg.png","profile_background_tile":false,"profile_image_url":"http:\/\/pbs.twimg.com\/profile_images\/691274210577117184\/XWBiK4R5_normal.jpg","profile_image_url_https":"https:\/\/pbs.twimg.com\/profile_images\/691274210577117184\/XWBiK4R5_normal.jpg","profile_banner_url":"https:\/\/pbs.twimg.com\/profile_banners\/290673966\/1452926987","profile_link_color":"0084B4","profile_sidebar_border_color":"C0DEED","profile_sidebar_fill_color":"DDEEF6","profile_text_color":"333333","profile_use_background_image":true,"has_extended_profile":false,"default_profile":true,"default_profile_image":false,"following":false,"follow_request_sent":false,"notifications":false},"geo":null,"coordinates":null,"place":null,"contributors":null,"is_quote_status":false,"retweet_count":4,"favorite_count":7,"entities":{"hashtags":[{"text":"education","indices":[0,10]},{"text":"childlabor","indices":[91,102]},{"text":"pakistan","indices":[103,112]}],"symbols":[],"user_mentions":[],"urls":[],"media":[{"id":691523173033050112,"id_str":"691523173033050112","indices":[113,136],"media_url":"http:\/\/pbs.twimg.com\/media\/CZjIqXqWAAA1hrM.jpg","media_url_https":"https:\/\/pbs.twimg.com\/media\/CZjIqXqWAAA1hrM.jpg","url":"https:\/\/t.co\/Uc5WTJhHge","display_url":"pic.twitter.com\/Uc5WTJhHge","expanded_url":"http:\/\/twitter.com\/MaizaHameed\/status\/691523187281129472\/photo\/1","type":"photo","sizes":{"medium":{"w":600,"h":600,"resize":"fit"},"thumb":{"w":150,"h":150,"resize":"crop"},"large":{"w":720,"h":720,"resize":"fit"},"small":{"w":340,"h":340,"resize":"fit"}}}]},"favorited":false,"retweeted":false,"possibly_sensitive":false,"lang":"en"},"is_quote_status":false,"retweet_count":4,"favorite_count":0,"entities":{"hashtags":[{"text":"education","indices":[17,27]},{"text":"childlabor","indices":[108,119]},{"text":"pakistan","indices":[120,129]}],"symbols":[],"user_mentions":[{"screen_name":"MaizaHameed","name":"Maiza Hameed","id":290673966,"id_str":"290673966","indices":[3,15]}],"urls":[],"media":[{"id":691523173033050112,"id_str":"691523173033050112","indices":[139,140],"media_url":"http:\/\/pbs.twimg.com\/media\/CZjIqXqWAAA1hrM.jpg","media_url_https":"https:\/\/pbs.twimg.com\/media\/CZjIqXqWAAA1hrM.jpg","url":"https:\/\/t.co\/Uc5WTJhHge","display_url":"pic.twitter.com\/Uc5WTJhHge","expanded_url":"http:\/\/twitter.com\/MaizaHameed\/status\/691523187281129472\/photo\/1","type":"photo","sizes":{"medium":{"w":600,"h":600,"resize":"fit"},"thumb":{"w":150,"h":150,"resize":"crop"},"large":{"w":720,"h":720,"resize":"fit"},"small":{"w":340,"h":340,"resize":"fit"}},"source_status_id":691523187281129472,"source_status_id_str":"691523187281129472","source_user_id":290673966,"source_user_id_str":"290673966"}]},"favorited":false,"retweeted":false,"possibly_sensitive":false,"lang":"en"},{"metadata":{"iso_language_code":"en","result_type":"recent"},"created_at":"Mon Jan 25 07:36:33 +0000 2016","id":691525044653010944,"id_str":"691525044653010944","text":"RT @MaizaHameed: #education for all stipened of Rs2000 will be given to parents who send children to school #childlabor #pakistan https:\/\/t\u2026","source":"\u003ca href=\"http:\/\/twitter.com\/download\/iphone\" rel=\"nofollow\"\u003eTwitter for iPhone\u003c\/a\u003e","truncated":false,"in_reply_to_status_id":null,"in_reply_to_status_id_str":null,"in_reply_to_user_id":null,"in_reply_to_user_id_str":null,"in_reply_to_screen_name":null,"user":{"id":2735362531,"id_str":"2735362531","name":"Hawk Eye","screen_name":"M_YChaudhry","location":"","description":"","url":null,"entities":{"description":{"urls":[]}},"protected":false,"followers_count":216,"friends_count":159,"listed_count":13,"created_at":"Fri Aug 15 19:36:20 +0000 2014","favourites_count":19249,"utc_offset":null,"time_zone":null,"geo_enabled":false,"verified":false,"statuses_count":41491,"lang":"en","contributors_enabled":false,"is_translator":false,"is_translation_enabled":false,"profile_background_color":"C0DEED","profile_background_image_url":"http:\/\/abs.twimg.com\/images\/themes\/theme1\/bg.png","profile_background_image_url_https":"https:\/\/abs.twimg.com\/images\/themes\/theme1\/bg.png","profile_background_tile":false,"profile_image_url":"http:\/\/pbs.twimg.com\/profile_images\/676329096486379520\/wSngXiOF_normal.jpg","profile_image_url_https":"https:\/\/pbs.twimg.com\/profile_images\/676329096486379520\/wSngXiOF_normal.jpg","profile_link_color":"0084B4","profile_sidebar_border_color":"C0DEED","profile_sidebar_fill_color":"DDEEF6","profile_text_color":"333333","profile_use_background_image":true,"has_extended_profile":false,"default_profile":true,"default_profile_image":false,"following":false,"follow_request_sent":false,"notifications":false},"geo":null,"coordinates":null,"place":null,"contributors":null,"retweeted_status":{"metadata":{"iso_language_code":"en","result_type":"recent"},"created_at":"Mon Jan 25 07:29:10 +0000 2016","id":691523187281129472,"id_str":"691523187281129472","text":"#education for all stipened of Rs2000 will be given to parents who send children to school #childlabor #pakistan https:\/\/t.co\/Uc5WTJhHge","source":"\u003ca href=\"http:\/\/twitter.com\/download\/android\" rel=\"nofollow\"\u003eTwitter for Android\u003c\/a\u003e","truncated":false,"in_reply_to_status_id":null,"in_reply_to_status_id_str":null,"in_reply_to_user_id":null,"in_reply_to_user_id_str":null,"in_reply_to_screen_name":null,"user":{"id":290673966,"id_str":"290673966","name":"Maiza Hameed","screen_name":"MaizaHameed","location":"Pakistan","description":"As a MNA (PML-N) a mother and a human being, inspiring youth with guidance, counseling and justice. Stirring women leadership and supporting minorities.","url":"https:\/\/t.co\/BGDwjADNpM","entities":{"url":{"urls":[{"url":"https:\/\/t.co\/BGDwjADNpM","expanded_url":"https:\/\/www.facebook.com\/MaizaHameedOfficial","display_url":"facebook.com\/MaizaHameedOff\u2026","indices":[0,23]}]},"description":{"urls":[]}},"protected":false,"followers_count":38379,"friends_count":1331,"listed_count":142,"created_at":"Sat Apr 30 18:02:06 +0000 2011","favourites_count":17283,"utc_offset":18000,"time_zone":"Asia\/Karachi","geo_enabled":true,"verified":false,"statuses_count":30482,"lang":"en","contributors_enabled":false,"is_translator":false,"is_translation_enabled":false,"profile_background_color":"C0DEED","profile_background_image_url":"http:\/\/abs.twimg.com\/images\/themes\/theme1\/bg.png","profile_background_image_url_https":"https:\/\/abs.twimg.com\/images\/themes\/theme1\/bg.png","profile_background_tile":false,"profile_image_url":"http:\/\/pbs.twimg.com\/profile_images\/691274210577117184\/XWBiK4R5_normal.jpg","profile_image_url_https":"https:\/\/pbs.twimg.com\/profile_images\/691274210577117184\/XWBiK4R5_normal.jpg","profile_banner_url":"https:\/\/pbs.twimg.com\/profile_banners\/290673966\/1452926987","profile_link_color":"0084B4","profile_sidebar_border_color":"C0DEED","profile_sidebar_fill_color":"DDEEF6","profile_text_color":"333333","profile_use_background_image":true,"has_extended_profile":false,"default_profile":true,"default_profile_image":false,"following":false,"follow_request_sent":false,"notifications":false},"geo":null,"coordinates":null,"place":null,"contributors":null,"is_quote_status":false,"retweet_count":4,"favorite_count":7,"entities":{"hashtags":[{"text":"education","indices":[0,10]},{"text":"childlabor","indices":[91,102]},{"text":"pakistan","indices":[103,112]}],"symbols":[],"user_mentions":[],"urls":[],"media":[{"id":691523173033050112,"id_str":"691523173033050112","indices":[113,136],"media_url":"http:\/\/pbs.twimg.com\/media\/CZjIqXqWAAA1hrM.jpg","media_url_https":"https:\/\/pbs.twimg.com\/media\/CZjIqXqWAAA1hrM.jpg","url":"https:\/\/t.co\/Uc5WTJhHge","display_url":"pic.twitter.com\/Uc5WTJhHge","expanded_url":"http:\/\/twitter.com\/MaizaHameed\/status\/691523187281129472\/photo\/1","type":"photo","sizes":{"medium":{"w":600,"h":600,"resize":"fit"},"thumb":{"w":150,"h":150,"resize":"crop"},"large":{"w":720,"h":720,"resize":"fit"},"small":{"w":340,"h":340,"resize":"fit"}}}]},"favorited":false,"retweeted":false,"possibly_sensitive":false,"lang":"en"},"is_quote_status":false,"retweet_count":4,"favorite_count":0,"entities":{"hashtags":[{"text":"education","indices":[17,27]},{"text":"childlabor","indices":[108,119]},{"text":"pakistan","indices":[120,129]}],"symbols":[],"user_mentions":[{"screen_name":"MaizaHameed","name":"Maiza Hameed","id":290673966,"id_str":"290673966","indices":[3,15]}],"urls":[],"media":[{"id":691523173033050112,"id_str":"691523173033050112","indices":[139,140],"media_url":"http:\/\/pbs.twimg.com\/media\/CZjIqXqWAAA1hrM.jpg","media_url_https":"https:\/\/pbs.twimg.com\/media\/CZjIqXqWAAA1hrM.jpg","url":"https:\/\/t.co\/Uc5WTJhHge","display_url":"pic.twitter.com\/Uc5WTJhHge","expanded_url":"http:\/\/twitter.com\/MaizaHameed\/status\/691523187281129472\/photo\/1","type":"photo","sizes":{"medium":{"w":600,"h":600,"resize":"fit"},"thumb":{"w":150,"h":150,"resize":"crop"},"large":{"w":720,"h":720,"resize":"fit"},"small":{"w":340,"h":340,"resize":"fit"}},"source_status_id":691523187281129472,"source_status_id_str":"691523187281129472","source_user_id":290673966,"source_user_id_str":"290673966"}]},"favorited":false,"retweeted":false,"possibly_sensitive":false,"lang":"en"},{"metadata":{"iso_language_code":"en","result_type":"recent"},"created_at":"Mon Jan 25 07:32:12 +0000 2016","id":691523951038746624,"id_str":"691523951038746624","text":"RT @MaizaHameed: @CMShehbaz  Punjab replacing books with brick #childlabor #Pakistan this is our future https:\/\/t.co\/eQnUivmBRn","source":"\u003ca href=\"http:\/\/twitter.com\/download\/android\" rel=\"nofollow\"\u003eTwitter for Android\u003c\/a\u003e","truncated":false,"in_reply_to_status_id":null,"in_reply_to_status_id_str":null,"in_reply_to_user_id":null,"in_reply_to_user_id_str":null,"in_reply_to_screen_name":null,"user":{"id":895893156,"id_str":"895893156","name":"Zafar Saleem","screen_name":"mzafarsalim","location":"Lahore, Pakistan","description":"","url":null,"entities":{"description":{"urls":[]}},"protected":false,"followers_count":104,"friends_count":281,"listed_count":4,"created_at":"Sun Oct 21 18:31:38 +0000 2012","favourites_count":1489,"utc_offset":-39600,"time_zone":"International Date Line West","geo_enabled":false,"verified":false,"statuses_count":5531,"lang":"en","contributors_enabled":false,"is_translator":false,"is_translation_enabled":false,"profile_background_color":"C0DEED","profile_background_image_url":"http:\/\/abs.twimg.com\/images\/themes\/theme1\/bg.png","profile_background_image_url_https":"https:\/\/abs.twimg.com\/images\/themes\/theme1\/bg.png","profile_background_tile":false,"profile_image_url":"http:\/\/pbs.twimg.com\/profile_images\/659436229251985408\/wWzW6dA-_normal.jpg","profile_image_url_https":"https:\/\/pbs.twimg.com\/profile_images\/659436229251985408\/wWzW6dA-_normal.jpg","profile_banner_url":"https:\/\/pbs.twimg.com\/profile_banners\/895893156\/1451544981","profile_link_color":"0084B4","profile_sidebar_border_color":"C0DEED","profile_sidebar_fill_color":"DDEEF6","profile_text_color":"333333","profile_use_background_image":true,"has_extended_profile":true,"default_profile":true,"default_profile_image":false,"following":false,"follow_request_sent":false,"notifications":false},"geo":null,"coordinates":null,"place":null,"contributors":null,"retweeted_status":{"metadata":{"iso_language_code":"en","result_type":"recent"},"created_at":"Mon Jan 25 07:30:34 +0000 2016","id":691523542094123012,"id_str":"691523542094123012","text":"@CMShehbaz  Punjab replacing books with brick #childlabor #Pakistan this is our future https:\/\/t.co\/eQnUivmBRn","source":"\u003ca href=\"http:\/\/twitter.com\/download\/android\" rel=\"nofollow\"\u003eTwitter for Android\u003c\/a\u003e","truncated":false,"in_reply_to_status_id":null,"in_reply_to_status_id_str":null,"in_reply_to_user_id":136932734,"in_reply_to_user_id_str":"136932734","in_reply_to_screen_name":"CMShehbaz","user":{"id":290673966,"id_str":"290673966","name":"Maiza Hameed","screen_name":"MaizaHameed","location":"Pakistan","description":"As a MNA (PML-N) a mother and a human being, inspiring youth with guidance, counseling and justice. Stirring women leadership and supporting minorities.","url":"https:\/\/t.co\/BGDwjADNpM","entities":{"url":{"urls":[{"url":"https:\/\/t.co\/BGDwjADNpM","expanded_url":"https:\/\/www.facebook.com\/MaizaHameedOfficial","display_url":"facebook.com\/MaizaHameedOff\u2026","indices":[0,23]}]},"description":{"urls":[]}},"protected":false,"followers_count":38379,"friends_count":1331,"listed_count":142,"created_at":"Sat Apr 30 18:02:06 +0000 2011","favourites_count":17283,"utc_offset":18000,"time_zone":"Asia\/Karachi","geo_enabled":true,"verified":false,"statuses_count":30482,"lang":"en","contributors_enabled":false,"is_translator":false,"is_translation_enabled":false,"profile_background_color":"C0DEED","profile_background_image_url":"http:\/\/abs.twimg.com\/images\/themes\/theme1\/bg.png","profile_background_image_url_https":"https:\/\/abs.twimg.com\/images\/themes\/theme1\/bg.png","profile_background_tile":false,"profile_image_url":"http:\/\/pbs.twimg.com\/profile_images\/691274210577117184\/XWBiK4R5_normal.jpg","profile_image_url_https":"https:\/\/pbs.twimg.com\/profile_images\/691274210577117184\/XWBiK4R5_normal.jpg","profile_banner_url":"https:\/\/pbs.twimg.com\/profile_banners\/290673966\/1452926987","profile_link_color":"0084B4","profile_sidebar_border_color":"C0DEED","profile_sidebar_fill_color":"DDEEF6","profile_text_color":"333333","profile_use_background_image":true,"has_extended_profile":false,"default_profile":true,"default_profile_image":false,"following":false,"follow_request_sent":false,"notifications":false},"geo":null,"coordinates":null,"place":null,"contributors":null,"is_quote_status":false,"retweet_count":2,"favorite_count":4,"entities":{"hashtags":[{"text":"childlabor","indices":[46,57]},{"text":"Pakistan","indices":[58,67]}],"symbols":[],"user_mentions":[{"screen_name":"CMShehbaz","name":"Shehbaz Sharif","id":136932734,"id_str":"136932734","indices":[0,10]}],"urls":[],"media":[{"id":691523526713540608,"id_str":"691523526713540608","indices":[87,110],"media_url":"http:\/\/pbs.twimg.com\/media\/CZjI-9OWAAAdMC3.jpg","media_url_https":"https:\/\/pbs.twimg.com\/media\/CZjI-9OWAAAdMC3.jpg","url":"https:\/\/t.co\/eQnUivmBRn","display_url":"pic.twitter.com\/eQnUivmBRn","expanded_url":"http:\/\/twitter.com\/MaizaHameed\/status\/691523542094123012\/photo\/1","type":"photo","sizes":{"small":{"w":340,"h":340,"resize":"fit"},"thumb":{"w":150,"h":150,"resize":"crop"},"medium":{"w":600,"h":600,"resize":"fit"},"large":{"w":720,"h":720,"resize":"fit"}}}]},"favorited":false,"retweeted":false,"possibly_sensitive":false,"lang":"en"},"is_quote_status":false,"retweet_count":2,"favorite_count":0,"entities":{"hashtags":[{"text":"childlabor","indices":[63,74]},{"text":"Pakistan","indices":[75,84]}],"symbols":[],"user_mentions":[{"screen_name":"MaizaHameed","name":"Maiza Hameed","id":290673966,"id_str":"290673966","indices":[3,15]},{"screen_name":"CMShehbaz","name":"Shehbaz Sharif","id":136932734,"id_str":"136932734","indices":[17,27]}],"urls":[],"media":[{"id":691523526713540608,"id_str":"691523526713540608","indices":[104,127],"media_url":"http:\/\/pbs.twimg.com\/media\/CZjI-9OWAAAdMC3.jpg","media_url_https":"https:\/\/pbs.twimg.com\/media\/CZjI-9OWAAAdMC3.jpg","url":"https:\/\/t.co\/eQnUivmBRn","display_url":"pic.twitter.com\/eQnUivmBRn","expanded_url":"http:\/\/twitter.com\/MaizaHameed\/status\/691523542094123012\/photo\/1","type":"photo","sizes":{"small":{"w":340,"h":340,"resize":"fit"},"thumb":{"w":150,"h":150,"resize":"crop"},"medium":{"w":600,"h":600,"resize":"fit"},"large":{"w":720,"h":720,"resize":"fit"}},"source_status_id":691523542094123012,"source_status_id_str":"691523542094123012","source_user_id":290673966,"source_user_id_str":"290673966"}]},"favorited":false,"retweeted":false,"possibly_sensitive":false,"lang":"en"},{"metadata":{"iso_language_code":"en","result_type":"recent"},"created_at":"Mon Jan 25 07:30:34 +0000 2016","id":691523542094123012,"id_str":"691523542094123012","text":"@CMShehbaz  Punjab replacing books with brick #childlabor #Pakistan this is our future https:\/\/t.co\/eQnUivmBRn","source":"\u003ca href=\"http:\/\/twitter.com\/download\/android\" rel=\"nofollow\"\u003eTwitter for Android\u003c\/a\u003e","truncated":false,"in_reply_to_status_id":null,"in_reply_to_status_id_str":null,"in_reply_to_user_id":136932734,"in_reply_to_user_id_str":"136932734","in_reply_to_screen_name":"CMShehbaz","user":{"id":290673966,"id_str":"290673966","name":"Maiza Hameed","screen_name":"MaizaHameed","location":"Pakistan","description":"As a MNA (PML-N) a mother and a human being, inspiring youth with guidance, counseling and justice. Stirring women leadership and supporting minorities.","url":"https:\/\/t.co\/BGDwjADNpM","entities":{"url":{"urls":[{"url":"https:\/\/t.co\/BGDwjADNpM","expanded_url":"https:\/\/www.facebook.com\/MaizaHameedOfficial","display_url":"facebook.com\/MaizaHameedOff\u2026","indices":[0,23]}]},"description":{"urls":[]}},"protected":false,"followers_count":38379,"friends_count":1331,"listed_count":142,"created_at":"Sat Apr 30 18:02:06 +0000 2011","favourites_count":17283,"utc_offset":18000,"time_zone":"Asia\/Karachi","geo_enabled":true,"verified":false,"statuses_count":30482,"lang":"en","contributors_enabled":false,"is_translator":false,"is_translation_enabled":false,"profile_background_color":"C0DEED","profile_background_image_url":"http:\/\/abs.twimg.com\/images\/themes\/theme1\/bg.png","profile_background_image_url_https":"https:\/\/abs.twimg.com\/images\/themes\/theme1\/bg.png","profile_background_tile":false,"profile_image_url":"http:\/\/pbs.twimg.com\/profile_images\/691274210577117184\/XWBiK4R5_normal.jpg","profile_image_url_https":"https:\/\/pbs.twimg.com\/profile_images\/691274210577117184\/XWBiK4R5_normal.jpg","profile_banner_url":"https:\/\/pbs.twimg.com\/profile_banners\/290673966\/1452926987","profile_link_color":"0084B4","profile_sidebar_border_color":"C0DEED","profile_sidebar_fill_color":"DDEEF6","profile_text_color":"333333","profile_use_background_image":true,"has_extended_profile":false,"default_profile":true,"default_profile_image":false,"following":false,"follow_request_sent":false,"notifications":false},"geo":null,"coordinates":null,"place":null,"contributors":null,"is_quote_status":false,"retweet_count":2,"favorite_count":4,"entities":{"hashtags":[{"text":"childlabor","indices":[46,57]},{"text":"Pakistan","indices":[58,67]}],"symbols":[],"user_mentions":[{"screen_name":"CMShehbaz","name":"Shehbaz Sharif","id":136932734,"id_str":"136932734","indices":[0,10]}],"urls":[],"media":[{"id":691523526713540608,"id_str":"691523526713540608","indices":[87,110],"media_url":"http:\/\/pbs.twimg.com\/media\/CZjI-9OWAAAdMC3.jpg","media_url_https":"https:\/\/pbs.twimg.com\/media\/CZjI-9OWAAAdMC3.jpg","url":"https:\/\/t.co\/eQnUivmBRn","display_url":"pic.twitter.com\/eQnUivmBRn","expanded_url":"http:\/\/twitter.com\/MaizaHameed\/status\/691523542094123012\/photo\/1","type":"photo","sizes":{"small":{"w":340,"h":340,"resize":"fit"},"thumb":{"w":150,"h":150,"resize":"crop"},"medium":{"w":600,"h":600,"resize":"fit"},"large":{"w":720,"h":720,"resize":"fit"}}}]},"favorited":false,"retweeted":false,"possibly_sensitive":false,"lang":"en"},{"metadata":{"iso_language_code":"en","result_type":"recent"},"created_at":"Mon Jan 25 07:29:24 +0000 2016","id":691523247628816384,"id_str":"691523247628816384","text":"RT @MaizaHameed: #education for all stipened of Rs2000 will be given to parents who send children to school #childlabor #pakistan https:\/\/t\u2026","source":"\u003ca href=\"http:\/\/twitter.com\/download\/android\" rel=\"nofollow\"\u003eTwitter for Android\u003c\/a\u003e","truncated":false,"in_reply_to_status_id":null,"in_reply_to_status_id_str":null,"in_reply_to_user_id":null,"in_reply_to_user_id_str":null,"in_reply_to_screen_name":null,"user":{"id":174784228,"id_str":"174784228","name":"SYED \u00c1\u010e\u00ce\u0139","screen_name":"Adildilx","location":"LAHORE","description":"To love ALLAH And MOHAMMAD (S.A.W) Real Purpose Of Our Life (Sunni Gillani) *Sagittarius* \u2764\u2764\u2764","url":null,"entities":{"description":{"urls":[]}},"protected":false,"followers_count":5878,"friends_count":57,"listed_count":6,"created_at":"Wed Aug 04 20:30:32 +0000 2010","favourites_count":43357,"utc_offset":18000,"time_zone":"Islamabad","geo_enabled":true,"verified":false,"statuses_count":76744,"lang":"en","contributors_enabled":false,"is_translator":false,"is_translation_enabled":false,"profile_background_color":"C0DEED","profile_background_image_url":"http:\/\/abs.twimg.com\/images\/themes\/theme1\/bg.png","profile_background_image_url_https":"https:\/\/abs.twimg.com\/images\/themes\/theme1\/bg.png","profile_background_tile":false,"profile_image_url":"http:\/\/pbs.twimg.com\/profile_images\/690994715580354560\/6x4noU8T_normal.jpg","profile_image_url_https":"https:\/\/pbs.twimg.com\/profile_images\/690994715580354560\/6x4noU8T_normal.jpg","profile_banner_url":"https:\/\/pbs.twimg.com\/profile_banners\/174784228\/1451973177","profile_link_color":"701414","profile_sidebar_border_color":"C0DEED","profile_sidebar_fill_color":"DDEEF6","profile_text_color":"333333","profile_use_background_image":true,"has_extended_profile":true,"default_profile":false,"default_profile_image":false,"following":false,"follow_request_sent":false,"notifications":false},"geo":null,"coordinates":null,"place":null,"contributors":null,"retweeted_status":{"metadata":{"iso_language_code":"en","result_type":"recent"},"created_at":"Mon Jan 25 07:29:10 +0000 2016","id":691523187281129472,"id_str":"691523187281129472","text":"#education for all stipened of Rs2000 will be given to parents who send children to school #childlabor #pakistan https:\/\/t.co\/Uc5WTJhHge","source":"\u003ca href=\"http:\/\/twitter.com\/download\/android\" rel=\"nofollow\"\u003eTwitter for Android\u003c\/a\u003e","truncated":false,"in_reply_to_status_id":null,"in_reply_to_status_id_str":null,"in_reply_to_user_id":null,"in_reply_to_user_id_str":null,"in_reply_to_screen_name":null,"user":{"id":290673966,"id_str":"290673966","name":"Maiza Hameed","screen_name":"MaizaHameed","location":"Pakistan","description":"As a MNA (PML-N) a mother and a human being, inspiring youth with guidance, counseling and justice. Stirring women leadership and supporting minorities.","url":"https:\/\/t.co\/BGDwjADNpM","entities":{"url":{"urls":[{"url":"https:\/\/t.co\/BGDwjADNpM","expanded_url":"https:\/\/www.facebook.com\/MaizaHameedOfficial","display_url":"facebook.com\/MaizaHameedOff\u2026","indices":[0,23]}]},"description":{"urls":[]}},"protected":false,"followers_count":38379,"friends_count":1331,"listed_count":142,"created_at":"Sat Apr 30 18:02:06 +0000 2011","favourites_count":17283,"utc_offset":18000,"time_zone":"Asia\/Karachi","geo_enabled":true,"verified":false,"statuses_count":30482,"lang":"en","contributors_enabled":false,"is_translator":false,"is_translation_enabled":false,"profile_background_color":"C0DEED","profile_background_image_url":"http:\/\/abs.twimg.com\/images\/themes\/theme1\/bg.png","profile_background_image_url_https":"https:\/\/abs.twimg.com\/images\/themes\/theme1\/bg.png","profile_background_tile":false,"profile_image_url":"http:\/\/pbs.twimg.com\/profile_images\/691274210577117184\/XWBiK4R5_normal.jpg","profile_image_url_https":"https:\/\/pbs.twimg.com\/profile_images\/691274210577117184\/XWBiK4R5_normal.jpg","profile_banner_url":"https:\/\/pbs.twimg.com\/profile_banners\/290673966\/1452926987","profile_link_color":"0084B4","profile_sidebar_border_color":"C0DEED","profile_sidebar_fill_color":"DDEEF6","profile_text_color":"333333","profile_use_background_image":true,"has_extended_profile":false,"default_profile":true,"default_profile_image":false,"following":false,"follow_request_sent":false,"notifications":false},"geo":null,"coordinates":null,"place":null,"contributors":null,"is_quote_status":false,"retweet_count":4,"favorite_count":7,"entities":{"hashtags":[{"text":"education","indices":[0,10]},{"text":"childlabor","indices":[91,102]},{"text":"pakistan","indices":[103,112]}],"symbols":[],"user_mentions":[],"urls":[],"media":[{"id":691523173033050112,"id_str":"691523173033050112","indices":[113,136],"media_url":"http:\/\/pbs.twimg.com\/media\/CZjIqXqWAAA1hrM.jpg","media_url_https":"https:\/\/pbs.twimg.com\/media\/CZjIqXqWAAA1hrM.jpg","url":"https:\/\/t.co\/Uc5WTJhHge","display_url":"pic.twitter.com\/Uc5WTJhHge","expanded_url":"http:\/\/twitter.com\/MaizaHameed\/status\/691523187281129472\/photo\/1","type":"photo","sizes":{"medium":{"w":600,"h":600,"resize":"fit"},"thumb":{"w":150,"h":150,"resize":"crop"},"large":{"w":720,"h":720,"resize":"fit"},"small":{"w":340,"h":340,"resize":"fit"}}}]},"favorited":false,"retweeted":false,"possibly_sensitive":false,"lang":"en"},"is_quote_status":false,"retweet_count":4,"favorite_count":0,"entities":{"hashtags":[{"text":"education","indices":[17,27]},{"text":"childlabor","indices":[108,119]},{"text":"pakistan","indices":[120,129]}],"symbols":[],"user_mentions":[{"screen_name":"MaizaHameed","name":"Maiza Hameed","id":290673966,"id_str":"290673966","indices":[3,15]}],"urls":[],"media":[{"id":691523173033050112,"id_str":"691523173033050112","indices":[139,140],"media_url":"http:\/\/pbs.twimg.com\/media\/CZjIqXqWAAA1hrM.jpg","media_url_https":"https:\/\/pbs.twimg.com\/media\/CZjIqXqWAAA1hrM.jpg","url":"https:\/\/t.co\/Uc5WTJhHge","display_url":"pic.twitter.com\/Uc5WTJhHge","expanded_url":"http:\/\/twitter.com\/MaizaHameed\/status\/691523187281129472\/photo\/1","type":"photo","sizes":{"medium":{"w":600,"h":600,"resize":"fit"},"thumb":{"w":150,"h":150,"resize":"crop"},"large":{"w":720,"h":720,"resize":"fit"},"small":{"w":340,"h":340,"resize":"fit"}},"source_status_id":691523187281129472,"source_status_id_str":"691523187281129472","source_user_id":290673966,"source_user_id_str":"290673966"}]},"favorited":false,"retweeted":false,"possibly_sensitive":false,"lang":"en"},{"metadata":{"iso_language_code":"en","result_type":"recent"},"created_at":"Mon Jan 25 07:29:10 +0000 2016","id":691523187281129472,"id_str":"691523187281129472","text":"#education for all stipened of Rs2000 will be given to parents who send children to school #childlabor #pakistan https:\/\/t.co\/Uc5WTJhHge","source":"\u003ca href=\"http:\/\/twitter.com\/download\/android\" rel=\"nofollow\"\u003eTwitter for Android\u003c\/a\u003e","truncated":false,"in_reply_to_status_id":null,"in_reply_to_status_id_str":null,"in_reply_to_user_id":null,"in_reply_to_user_id_str":null,"in_reply_to_screen_name":null,"user":{"id":290673966,"id_str":"290673966","name":"Maiza Hameed","screen_name":"MaizaHameed","location":"Pakistan","description":"As a MNA (PML-N) a mother and a human being, inspiring youth with guidance, counseling and justice. Stirring women leadership and supporting minorities.","url":"https:\/\/t.co\/BGDwjADNpM","entities":{"url":{"urls":[{"url":"https:\/\/t.co\/BGDwjADNpM","expanded_url":"https:\/\/www.facebook.com\/MaizaHameedOfficial","display_url":"facebook.com\/MaizaHameedOff\u2026","indices":[0,23]}]},"description":{"urls":[]}},"protected":false,"followers_count":38379,"friends_count":1331,"listed_count":142,"created_at":"Sat Apr 30 18:02:06 +0000 2011","favourites_count":17283,"utc_offset":18000,"time_zone":"Asia\/Karachi","geo_enabled":true,"verified":false,"statuses_count":30482,"lang":"en","contributors_enabled":false,"is_translator":false,"is_translation_enabled":false,"profile_background_color":"C0DEED","profile_background_image_url":"http:\/\/abs.twimg.com\/images\/themes\/theme1\/bg.png","profile_background_image_url_https":"https:\/\/abs.twimg.com\/images\/themes\/theme1\/bg.png","profile_background_tile":false,"profile_image_url":"http:\/\/pbs.twimg.com\/profile_images\/691274210577117184\/XWBiK4R5_normal.jpg","profile_image_url_https":"https:\/\/pbs.twimg.com\/profile_images\/691274210577117184\/XWBiK4R5_normal.jpg","profile_banner_url":"https:\/\/pbs.twimg.com\/profile_banners\/290673966\/1452926987","profile_link_color":"0084B4","profile_sidebar_border_color":"C0DEED","profile_sidebar_fill_color":"DDEEF6","profile_text_color":"333333","profile_use_background_image":true,"has_extended_profile":false,"default_profile":true,"default_profile_image":false,"following":false,"follow_request_sent":false,"notifications":false},"geo":null,"coordinates":null,"place":null,"contributors":null,"is_quote_status":false,"retweet_count":4,"favorite_count":7,"entities":{"hashtags":[{"text":"education","indices":[0,10]},{"text":"childlabor","indices":[91,102]},{"text":"pakistan","indices":[103,112]}],"symbols":[],"user_mentions":[],"urls":[],"media":[{"id":691523173033050112,"id_str":"691523173033050112","indices":[113,136],"media_url":"http:\/\/pbs.twimg.com\/media\/CZjIqXqWAAA1hrM.jpg","media_url_https":"https:\/\/pbs.twimg.com\/media\/CZjIqXqWAAA1hrM.jpg","url":"https:\/\/t.co\/Uc5WTJhHge","display_url":"pic.twitter.com\/Uc5WTJhHge","expanded_url":"http:\/\/twitter.com\/MaizaHameed\/status\/691523187281129472\/photo\/1","type":"photo","sizes":{"medium":{"w":600,"h":600,"resize":"fit"},"thumb":{"w":150,"h":150,"resize":"crop"},"large":{"w":720,"h":720,"resize":"fit"},"small":{"w":340,"h":340,"resize":"fit"}}}]},"favorited":false,"retweeted":false,"possibly_sensitive":false,"lang":"en"},{"metadata":{"iso_language_code":"en","result_type":"recent"},"created_at":"Mon Jan 25 06:45:48 +0000 2016","id":691512273651830784,"id_str":"691512273651830784","text":"RT @CongoActivists: \u201cThe dangers to health and safety make mining one of the worst forms of child labor.\" #apple #childlabor #DRC #Congo ht\u2026","source":"\u003ca href=\"https:\/\/roundteam.co\" rel=\"nofollow\"\u003eRoundTeam\u003c\/a\u003e","truncated":false,"in_reply_to_status_id":null,"in_reply_to_status_id_str":null,"in_reply_to_user_id":null,"in_reply_to_user_id_str":null,"in_reply_to_screen_name":null,"user":{"id":461270797,"id_str":"461270797","name":"Times\u00a9","screen_name":"TimesDrc","location":"DRC - Kinshasa","description":"The Times [DRC] #Xenophobiawatch #Update on peace & development in Congo #Newsbot Approved #Roundteam Write to @proudlycongo @timesdrc email :  timesdrc@gmail.c","url":"http:\/\/t.co\/GAsNZjVp0D","entities":{"url":{"urls":[{"url":"http:\/\/t.co\/GAsNZjVp0D","expanded_url":"http:\/\/www.thetimes.co.uk","display_url":"thetimes.co.uk","indices":[0,22]}]},"description":{"urls":[]}},"protected":false,"followers_count":1248,"friends_count":981,"listed_count":64,"created_at":"Wed Jan 11 16:39:54 +0000 2012","favourites_count":207,"utc_offset":null,"time_zone":null,"geo_enabled":true,"verified":false,"statuses_count":42068,"lang":"en","contributors_enabled":false,"is_translator":false,"is_translation_enabled":false,"profile_background_color":"C0DEED","profile_background_image_url":"http:\/\/abs.twimg.com\/images\/themes\/theme1\/bg.png","profile_background_image_url_https":"https:\/\/abs.twimg.com\/images\/themes\/theme1\/bg.png","profile_background_tile":false,"profile_image_url":"http:\/\/pbs.twimg.com\/profile_images\/606503043807338497\/gIrqVhp7_normal.jpg","profile_image_url_https":"https:\/\/pbs.twimg.com\/profile_images\/606503043807338497\/gIrqVhp7_normal.jpg","profile_banner_url":"https:\/\/pbs.twimg.com\/profile_banners\/461270797\/1410605510","profile_link_color":"0084B4","profile_sidebar_border_color":"C0DEED","profile_sidebar_fill_color":"DDEEF6","profile_text_color":"333333","profile_use_background_image":true,"has_extended_profile":false,"default_profile":true,"default_profile_image":false,"following":false,"follow_request_sent":false,"notifications":false},"geo":null,"coordinates":null,"place":null,"contributors":null,"retweeted_status":{"metadata":{"iso_language_code":"en","result_type":"recent"},"created_at":"Mon Jan 25 06:36:01 +0000 2016","id":691509812417269760,"id_str":"691509812417269760","text":"\u201cThe dangers to health and safety make mining one of the worst forms of child labor.\" #apple #childlabor #DRC #Congo https:\/\/t.co\/z2aPotgrcH","source":"\u003ca href=\"http:\/\/twitter.com\" rel=\"nofollow\"\u003eTwitter Web Client\u003c\/a\u003e","truncated":false,"in_reply_to_status_id":null,"in_reply_to_status_id_str":null,"in_reply_to_user_id":null,"in_reply_to_user_id_str":null,"in_reply_to_screen_name":null,"user":{"id":360741434,"id_str":"360741434","name":"CongoActivists","screen_name":"CongoActivists","location":"Michigan & California","description":"Grassroots activists raising awareness about the conflict in D.R.Congo and working for justice & peace in DRC. Take Action. #Congo #ICT4D #CongoWeek","url":"http:\/\/t.co\/dRbTbp5ABs","entities":{"url":{"urls":[{"url":"http:\/\/t.co\/dRbTbp5ABs","expanded_url":"http:\/\/congoactivists.blogspot.com\/","display_url":"congoactivists.blogspot.com","indices":[0,22]}]},"description":{"urls":[]}},"protected":false,"followers_count":1818,"friends_count":562,"listed_count":38,"created_at":"Tue Aug 23 17:57:42 +0000 2011","favourites_count":260,"utc_offset":-18000,"time_zone":"Eastern Time (US & Canada)","geo_enabled":true,"verified":false,"statuses_count":1100,"lang":"en","contributors_enabled":false,"is_translator":false,"is_translation_enabled":false,"profile_background_color":"000000","profile_background_image_url":"http:\/\/pbs.twimg.com\/profile_background_images\/616342975858094080\/l3vaWoE0.jpg","profile_background_image_url_https":"https:\/\/pbs.twimg.com\/profile_background_images\/616342975858094080\/l3vaWoE0.jpg","profile_background_tile":true,"profile_image_url":"http:\/\/pbs.twimg.com\/profile_images\/1510277228\/CongoHeart_normal.jpeg","profile_image_url_https":"https:\/\/pbs.twimg.com\/profile_images\/1510277228\/CongoHeart_normal.jpeg","profile_banner_url":"https:\/\/pbs.twimg.com\/profile_banners\/360741434\/1353290313","profile_link_color":"89C9FA","profile_sidebar_border_color":"373737","profile_sidebar_fill_color":"373737","profile_text_color":"FDB31C","profile_use_background_image":true,"has_extended_profile":false,"default_profile":false,"default_profile_image":false,"following":false,"follow_request_sent":false,"notifications":false},"geo":null,"coordinates":null,"place":null,"contributors":null,"quoted_status_id":689593640881119234,"quoted_status_id_str":"689593640881119234","quoted_status":{"metadata":{"iso_language_code":"en","result_type":"recent"},"created_at":"Tue Jan 19 23:41:50 +0000 2016","id":689593640881119234,"id_str":"689593640881119234","text":"Apple is being accused of using child labor https:\/\/t.co\/fMgKAaNNkQ","source":"\u003ca href=\"http:\/\/twitter.com\" rel=\"nofollow\"\u003eTwitter Web Client\u003c\/a\u003e","truncated":false,"in_reply_to_status_id":null,"in_reply_to_status_id_str":null,"in_reply_to_user_id":null,"in_reply_to_user_id_str":null,"in_reply_to_screen_name":null,"user":{"id":2884771,"id_str":"2884771","name":"Newsweek","screen_name":"Newsweek","location":"New York, NY","description":"Stay relevant.","url":"http:\/\/t.co\/yXAVq5BgMR","entities":{"url":{"urls":[{"url":"http:\/\/t.co\/yXAVq5BgMR","expanded_url":"http:\/\/www.newsweek.com","display_url":"newsweek.com","indices":[0,22]}]},"description":{"urls":[]}},"protected":false,"followers_count":2759180,"friends_count":61,"listed_count":35344,"created_at":"Thu Mar 29 19:51:11 +0000 2007","favourites_count":1656,"utc_offset":-18000,"time_zone":"Eastern Time (US & Canada)","geo_enabled":false,"verified":true,"statuses_count":63557,"lang":"en","contributors_enabled":false,"is_translator":false,"is_translation_enabled":false,"profile_background_color":"EE2A26","profile_background_image_url":"http:\/\/pbs.twimg.com\/profile_background_images\/251616259\/20110510_twitter.gif","profile_background_image_url_https":"https:\/\/pbs.twimg.com\/profile_background_images\/251616259\/20110510_twitter.gif","profile_background_tile":true,"profile_image_url":"http:\/\/pbs.twimg.com\/profile_images\/565191389495844864\/levM32NJ_normal.png","profile_image_url_https":"https:\/\/pbs.twimg.com\/profile_images\/565191389495844864\/levM32NJ_normal.png","profile_link_color":"990000","profile_sidebar_border_color":"FFFFFF","profile_sidebar_fill_color":"F2F2F2","profile_text_color":"000000","profile_use_background_image":false,"has_extended_profile":false,"default_profile":false,"default_profile_image":false,"following":false,"follow_request_sent":false,"notifications":false},"geo":null,"coordinates":null,"place":null,"contributors":null,"is_quote_status":false,"retweet_count":48,"favorite_count":23,"entities":{"hashtags":[],"symbols":[],"user_mentions":[],"urls":[{"url":"https:\/\/t.co\/fMgKAaNNkQ","expanded_url":"http:\/\/www.newsweek.com\/apple-samsung-and-microsoft-linked-child-labor-abuse-claims-417313","display_url":"newsweek.com\/apple-samsung-\u2026","indices":[44,67]}]},"favorited":false,"retweeted":false,"possibly_sensitive":false,"lang":"en"},"is_quote_status":true,"retweet_count":1,"favorite_count":0,"entities":{"hashtags":[{"text":"apple","indices":[86,92]},{"text":"childlabor","indices":[93,104]},{"text":"DRC","indices":[105,109]},{"text":"Congo","indices":[110,116]}],"symbols":[],"user_mentions":[],"urls":[{"url":"https:\/\/t.co\/z2aPotgrcH","expanded_url":"https:\/\/twitter.com\/Newsweek\/status\/689593640881119234","display_url":"twitter.com\/Newsweek\/statu\u2026","indices":[117,140]}]},"favorited":false,"retweeted":false,"possibly_sensitive":false,"lang":"en"},"is_quote_status":true,"retweet_count":1,"favorite_count":0,"entities":{"hashtags":[{"text":"apple","indices":[106,112]},{"text":"childlabor","indices":[113,124]},{"text":"DRC","indices":[125,129]},{"text":"Congo","indices":[130,136]}],"symbols":[],"user_mentions":[{"screen_name":"CongoActivists","name":"CongoActivists","id":360741434,"id_str":"360741434","indices":[3,18]}],"urls":[{"url":"https:\/\/t.co\/z2aPotgrcH","expanded_url":"https:\/\/twitter.com\/Newsweek\/status\/689593640881119234","display_url":"twitter.com\/Newsweek\/statu\u2026","indices":[139,140]}]},"favorited":false,"retweeted":false,"possibly_sensitive":false,"lang":"en"},{"metadata":{"iso_language_code":"en","result_type":"recent"},"created_at":"Mon Jan 25 06:36:01 +0000 2016","id":691509812417269760,"id_str":"691509812417269760","text":"\u201cThe dangers to health and safety make mining one of the worst forms of child labor.\" #apple #childlabor #DRC #Congo https:\/\/t.co\/z2aPotgrcH","source":"\u003ca href=\"http:\/\/twitter.com\" rel=\"nofollow\"\u003eTwitter Web Client\u003c\/a\u003e","truncated":false,"in_reply_to_status_id":null,"in_reply_to_status_id_str":null,"in_reply_to_user_id":null,"in_reply_to_user_id_str":null,"in_reply_to_screen_name":null,"user":{"id":360741434,"id_str":"360741434","name":"CongoActivists","screen_name":"CongoActivists","location":"Michigan & California","description":"Grassroots activists raising awareness about the conflict in D.R.Congo and working for justice & peace in DRC. Take Action. #Congo #ICT4D #CongoWeek","url":"http:\/\/t.co\/dRbTbp5ABs","entities":{"url":{"urls":[{"url":"http:\/\/t.co\/dRbTbp5ABs","expanded_url":"http:\/\/congoactivists.blogspot.com\/","display_url":"congoactivists.blogspot.com","indices":[0,22]}]},"description":{"urls":[]}},"protected":false,"followers_count":1818,"friends_count":562,"listed_count":38,"created_at":"Tue Aug 23 17:57:42 +0000 2011","favourites_count":260,"utc_offset":-18000,"time_zone":"Eastern Time (US & Canada)","geo_enabled":true,"verified":false,"statuses_count":1100,"lang":"en","contributors_enabled":false,"is_translator":false,"is_translation_enabled":false,"profile_background_color":"000000","profile_background_image_url":"http:\/\/pbs.twimg.com\/profile_background_images\/616342975858094080\/l3vaWoE0.jpg","profile_background_image_url_https":"https:\/\/pbs.twimg.com\/profile_background_images\/616342975858094080\/l3vaWoE0.jpg","profile_background_tile":true,"profile_image_url":"http:\/\/pbs.twimg.com\/profile_images\/1510277228\/CongoHeart_normal.jpeg","profile_image_url_https":"https:\/\/pbs.twimg.com\/profile_images\/1510277228\/CongoHeart_normal.jpeg","profile_banner_url":"https:\/\/pbs.twimg.com\/profile_banners\/360741434\/1353290313","profile_link_color":"89C9FA","profile_sidebar_border_color":"373737","profile_sidebar_fill_color":"373737","profile_text_color":"FDB31C","profile_use_background_image":true,"has_extended_profile":false,"default_profile":false,"default_profile_image":false,"following":false,"follow_request_sent":false,"notifications":false},"geo":null,"coordinates":null,"place":null,"contributors":null,"quoted_status_id":689593640881119234,"quoted_status_id_str":"689593640881119234","quoted_status":{"metadata":{"iso_language_code":"en","result_type":"recent"},"created_at":"Tue Jan 19 23:41:50 +0000 2016","id":689593640881119234,"id_str":"689593640881119234","text":"Apple is being accused of using child labor https:\/\/t.co\/fMgKAaNNkQ","source":"\u003ca href=\"http:\/\/twitter.com\" rel=\"nofollow\"\u003eTwitter Web Client\u003c\/a\u003e","truncated":false,"in_reply_to_status_id":null,"in_reply_to_status_id_str":null,"in_reply_to_user_id":null,"in_reply_to_user_id_str":null,"in_reply_to_screen_name":null,"user":{"id":2884771,"id_str":"2884771","name":"Newsweek","screen_name":"Newsweek","location":"New York, NY","description":"Stay relevant.","url":"http:\/\/t.co\/yXAVq5BgMR","entities":{"url":{"urls":[{"url":"http:\/\/t.co\/yXAVq5BgMR","expanded_url":"http:\/\/www.newsweek.com","display_url":"newsweek.com","indices":[0,22]}]},"description":{"urls":[]}},"protected":false,"followers_count":2759180,"friends_count":61,"listed_count":35344,"created_at":"Thu Mar 29 19:51:11 +0000 2007","favourites_count":1656,"utc_offset":-18000,"time_zone":"Eastern Time (US & Canada)","geo_enabled":false,"verified":true,"statuses_count":63557,"lang":"en","contributors_enabled":false,"is_translator":false,"is_translation_enabled":false,"profile_background_color":"EE2A26","profile_background_image_url":"http:\/\/pbs.twimg.com\/profile_background_images\/251616259\/20110510_twitter.gif","profile_background_image_url_https":"https:\/\/pbs.twimg.com\/profile_background_images\/251616259\/20110510_twitter.gif","profile_background_tile":true,"profile_image_url":"http:\/\/pbs.twimg.com\/profile_images\/565191389495844864\/levM32NJ_normal.png","profile_image_url_https":"https:\/\/pbs.twimg.com\/profile_images\/565191389495844864\/levM32NJ_normal.png","profile_link_color":"990000","profile_sidebar_border_color":"FFFFFF","profile_sidebar_fill_color":"F2F2F2","profile_text_color":"000000","profile_use_background_image":false,"has_extended_profile":false,"default_profile":false,"default_profile_image":false,"following":false,"follow_request_sent":false,"notifications":false},"geo":null,"coordinates":null,"place":null,"contributors":null,"is_quote_status":false,"retweet_count":48,"favorite_count":23,"entities":{"hashtags":[],"symbols":[],"user_mentions":[],"urls":[{"url":"https:\/\/t.co\/fMgKAaNNkQ","expanded_url":"http:\/\/www.newsweek.com\/apple-samsung-and-microsoft-linked-child-labor-abuse-claims-417313","display_url":"newsweek.com\/apple-samsung-\u2026","indices":[44,67]}]},"favorited":false,"retweeted":false,"possibly_sensitive":false,"lang":"en"},"is_quote_status":true,"retweet_count":1,"favorite_count":0,"entities":{"hashtags":[{"text":"apple","indices":[86,92]},{"text":"childlabor","indices":[93,104]},{"text":"DRC","indices":[105,109]},{"text":"Congo","indices":[110,116]}],"symbols":[],"user_mentions":[],"urls":[{"url":"https:\/\/t.co\/z2aPotgrcH","expanded_url":"https:\/\/twitter.com\/Newsweek\/status\/689593640881119234","display_url":"twitter.com\/Newsweek\/statu\u2026","indices":[117,140]}]},"favorited":false,"retweeted":false,"possibly_sensitive":false,"lang":"en"}],"search_metadata":{"completed_in":0.073,"max_id":691573916641411072,"max_id_str":"691573916641411072","next_results":"?max_id=691509812417269759&q=%23childlabor&include_entities=1","query":"%23childlabor","refresh_url":"?since_id=691573916641411072&q=%23childlabor&include_entities=1","count":15,"since_id":0,"since_id_str":"0"}}